GENE_001,GENE_002,GENE_003,GENE_004,GENE_005,GENE_006,GENE_007,GENE_008,GENE_009,GENE_010,GENE_011,GENE_012,GENE_013,GENE_014,GENE_015,GENE_016,GENE_017,GENE_018,GENE_019,GENE_020,GENE_021,GENE_022,GENE_023,GENE_024,GENE_025,GENE_026,GENE_027,GENE_028,GENE_029,GENE_030,GENE_031,GENE_032,GENE_033,GENE_034,GENE_035,GENE_036,GENE_037,GENE_038,GENE_039,GENE_040,GENE_041,GENE_042,GENE_043,GENE_044,GENE_045,GENE_046,GENE_047,GENE_048,GENE_049,GENE_050,GENE_051,GENE_052,GENE_053,GENE_054,GENE_055,GENE_056,GENE_057,GENE_058,GENE_059,GENE_060,GENE_061,GENE_062,GENE_063,GENE_064,GENE_065,GENE_066,GENE_067,GENE_068,GENE_069,GENE_070,GENE_071,GENE_072,GENE_073,GENE_074,GENE_075,GENE_076,GENE_077,GENE_078,GENE_079,GENE_080,label
0.763382356157394,0.14625080289688766,-0.035949132214332394,-0.3694732966415328,-0.11333482507003816,0.1327917835701579,0.06422075629234049,0.4851524618073049,0.17941809149485174,-1.6005879307629267,-0.1534099254501626,-1.182028819224584,-0.3123013428619025,1.860400098358689,-2.108852094967735,-0.2045615869863055,-0.5643866535090994,0.5878059789824568,-0.38160415898502664,0.8745364899576294,-0.4136813464376272,-1.269459818102277,0.18982110070583255,0.18112280283752552,-1.3753695677329958,1.0133676057498655,0.013768054010691715,0.1047393546295145,0.8526178668792861,1.6553058028048124,-0.9022561515691409,-0.9134852944498157,-0.7874840436195909,2.310149204511773,-0.4606079479043272,1.0778447831115,0.38575100224338543,-0.36616458158723303,0.9737849665547181,-0.9656663245793644,-0.7047973004275324,0.639406795215618,0.062251647149372286,0.9210315092411662,-0.9418248105656722,0.3611826740272879,-0.06412558405613687,-0.02370637480261784,0.6283716405391809,-0.010767449615435168,0.40293839742318965,-1.6161180371006696,1.2367392142188942,-0.08744817896358617,-0.39050961157474545,-0.9131137762313172,0.7865517128949381,0.5461922466360654,-0.07847933931429678,0.4590771469690883,0.21401862036357014,1.9128418538017506,-1.145251368248406,-0.9202823429186942,2.2725779649927746,-0.8833893005527168,0.22257762927417196,0.04982806025967688,0.9113269806079533,-0.001133755512250776,-1.5399605285562004,0.5560258696376882,-1.2207024001208118,1.0305213394386254,0.6573914191730584,0.027651681527673243,-1.2288623003226902,1.0840961228996457,1.5414927656717723,0.9099307852494926,0
-0.5573849618056806,-1.1946812694912146,-1.2403123264395082,-0.34411400945299975,-0.6710066940173325,-0.10687627062811826,-0.7733199510366665,0.7697497612614616,1.4578599144185624,1.0191541840185936,-0.8110644636548439,0.14985475888186525,2.4093965843025575,-0.7173710119300704,-0.27665214279214273,0.24284235302400242,-0.17373012728157988,-1.0633336163140463,-0.8301467456625248,2.0473162323282623,-0.7573102836103055,0.7600918018599957,1.4438418660285992,0.843440806435455,-0.4355490186091452,1.3368063641125894,0.09713099240375231,0.26179285924236795,0.7632501013114515,-0.208958951438351,-0.8180393383008021,-0.5476898850573515,1.8187761900540733,0.17984680363392488,-0.6364320138737765,0.24967596394456798,0.021355080569111867,-0.720214911359481,-0.0418075884838456,0.24696232840546797,-1.1951423947040358,1.0368636721096014,-0.9963881615994122,-0.0035725854095328296,-0.34189794267779205,0.991562889800749,-0.7360522808027147,0.6708087482165316,-0.6283388224038118,-0.015342441937626414,0.3413450137974834,-1.4854931969211076,0.01604619810304644,-1.1317945181630276,0.6044534804301535,-1.5940655037922418,-0.263983579357275,1.1722225307140968,0.4235752647192022,0.6301793018467107,-0.010719798987468332,1.2086090698755936,-0.4979477268862221,-2.437188450501842,-0.8444862313078276,-0.8171063305903143,0.9278962774742651,0.6094284131455303,1.564222062393898,-0.5542999990500218,-0.7905846806174559,-1.2918061786682404,-0.9641085630765739,-0.1404305012977426,1.433574387090192,-1.5505991907162846,-1.7165547847550506,-1.272800430365031,-1.940943065104942,1.3678283004394407,0
-0.1693470642312029,0.915904284006674,0.10136961358517081,-0.18171456358951,-1.4359417330954647,-1.5195615319851323,-0.510443662089448,-0.42370291032605517,0.18114652876637086,0.7179539205239929,-0.4718647029670648,1.611558266158826,0.12830534817188266,0.3503255438628431,1.3978035674700546,-0.7207782663547304,-1.4632738010368769,-1.2374467099857933,-0.8497126226634883,-1.2029440386245385,0.5869332271273004,1.4242434627287972,-1.1173512876234757,-0.8913558362974932,0.8645986282703204,-0.7199927634639806,-0.8985016369603445,-0.7264158760961703,2.181038510305186,-0.3765862113933807,-2.666809290109304,0.5163739476778663,2.2404483398683235,-2.0436382714918366,0.040454484369215477,-0.0923942430149517,-0.2129920468581029,-0.6659010420527344,0.266760951714601,1.1746323457719838,0.06771028774715958,0.4585160989843608,0.3180879187720785,-0.7063467445385446,0.16470532122277215,0.11396583972155344,-0.5060780126135969,-1.9945101377983436,0.7179852463711879,-0.34674036326706853,0.8059583595304289,1.2102152346625406,0.3325110997565306,1.2081103589619016,-0.5869136448324814,0.22033349207542277,0.19594972109303682,-1.550521846797088,1.0653806423935466,-0.7576633637676584,0.9961672607991392,-1.2340773794126976,0.15609165515692555,0.5201820744770548,-1.3283920889534144,0.7321314841322578,1.259863509376059,-1.0174171464795516,-0.3888414222574763,-1.3483976253447447,-0.9344989998767687,0.7121754576313176,2.079471089527275,-1.864529627729397,-1.0878102167113148,-0.26241634638141675,-0.1408826965256651,1.0159531693534098,1.2175456100573856,-1.303223041574279,0
2.0365660648014474,1.1306176612282772,1.0339637140381859,3.453959168778609,1.3123310651066107,-1.486551507346853,0.26712126479326515,-0.8978207934646123,0.4847170452470188,-0.0014036860234449193,1.0584005826731566,1.6099767666338227,-1.989498474553223,1.778946042196697,-0.33428701684801254,0.21996835261305114,-0.1924779919104451,-0.9849686508818261,0.646185839351067,-1.2218901673723703,0.2024213570712544,-1.0416066066920966,-0.009598212067578653,1.6464426267353076,0.030690018736894326,-1.7361100653213086,-0.10193112053100399,-1.2999782886871074,0.18801656431921596,1.6005050887479924,-0.4747003753440435,-0.5334882619507115,-0.3096435322726354,0.8318941787671783,-1.0273947912940242,-0.9395523348697817,-0.38505900145534216,-0.4679468317767565,0.1826280867761954,-0.7410620314978925,0.7365310405469379,1.5979489465903463,-0.5894752784783148,0.2570840682045512,0.5718549664430684,-0.572109430452936,-0.4552701385290116,-0.2992581750747022,-1.2903179215045861,-1.3223077330027229,2.159363194452702,1.6512210028089933,-0.8531462799398453,-1.6553888582032228,0.8702392274999966,0.576594948029031,-0.41077162809932294,0.4505544086108306,-0.0006837629393614768,1.3596986383814829,-0.6777549028840679,-0.775664627147092,0.9966070963375467,1.0704768631324821,-0.5215574857127527,0.3628955082290931,1.793069034272645,1.3183564989888517,-1.030292927221771,-1.315377959238043,-2.1813870265019095,0.5029310461843759,0.2621651580545069,1.8000577752616849,-1.1601142483645583,-1.0720913373071916,1.9212995958726165,-0.38333842161835896,-0.9354638604637621,2.7093676004683234,1
0.7404137964846983,-0.9933522724444607,-0.33402466072602754,-1.2115780426741996,0.5411801687091901,0.9618465691307009,0.3538264890811008,0.0932907796735767,-0.5986739274637238,1.834572256150356,-0.1557777140051238,-1.148439744855386,0.5382409480951188,2.7045040655515544,-0.1340463663941563,0.43493194372489136,0.3731979149333171,0.5741879240395539,-0.1777095351307783,1.5449905629212244,0.028223023466517838,0.0909754829343597,0.3792020042358906,-0.023064529063198284,0.7691623176903262,0.03779925421920407,-0.14151169796352647,-0.9216814651633363,0.4374794109638033,-0.5890967811955157,-1.038422020597952,-0.10436032778761427,-0.304985576308508,-1.047925587331418,-0.43726985714351435,1.3812639246639913,-2.1212902813610657,0.5621227708208683,0.8429968589675683,-0.7565707757456062,-0.6099447127157129,-0.1985579435685648,0.9377021460254624,2.6020782479183624,0.7621407406834887,-1.66051321425688,0.8897654089492156,0.5083893774284463,0.6864595605829976,-0.905140974208042,-0.08588882888948315,-0.6387899854819399,-1.7985244454281342,-1.5581479307477084,-0.6420393244302629,0.19164241974444401,-1.2735791711623596,0.5260345968999561,-0.32141535046393693,0.5846565836161011,-0.6580573354218181,-0.34538374803001687,-0.10143949536902774,-0.18388129850424612,0.682369952275951,0.11703183908596418,1.4419384234011081,1.226932308929483,-0.6029767970330576,0.07235452533838738,-1.7438923041242123,0.1554394087686902,-0.6587016180709463,1.1523902259026975,0.20106843010505793,-0.7531814168381733,-0.22434939695593012,-1.9064921581913608,-0.6064644029674998,1.6534401513772643,0
0.16348583347702936,1.657573284558252,-0.7495904193612881,0.32327337554590035,1.1943176379711808,-1.052239110812423,-0.07964987027693142,-1.122004578222253,0.07060278303431275,3.3726205962806657,0.2806920357893819,-0.05490945254311373,-0.30492043086930476,1.643186412336421,-1.3148472017426907,-0.5809365093320539,2.5925005913476493,-0.7233978689081626,-0.6643341886553242,-0.7606944585722495,0.7903965889320451,0.7064002616110422,0.31527464345897804,-0.8869426704344288,-0.17716685412751035,0.46388613395447953,0.23714539746270563,-0.02423975635699292,-0.09851250645076323,1.1818062816471269,0.31332780167299246,2.198870285810373,-0.13935888448176814,1.2422590923478003,0.8171670914117306,0.11683816393439049,2.510068772718594,-1.6222777549007135,0.8212678839707809,-0.5959479672168414,0.32327367951712493,-0.4248899843251617,-0.9724984438612427,-0.13824655691791402,1.480281667809523,0.11215093582774803,-1.4349511154502115,1.439720386743897,-0.406800471085376,0.11659940096118693,1.4439026726203283,0.5749179172026015,0.5309901298465436,0.7045157656973802,-0.5924371181397456,-0.3194250689770006,0.3537134113611264,-1.3901932774006311,1.3813579581989563,0.08728423490640307,-0.64731764925063,1.5393227222512014,1.573429727677638,0.09841940677180595,-1.9593055125713628,-0.12014209824261213,-0.33674734587515837,-0.8490374716636101,-1.020732847545627,-1.7237354261083344,-1.3856774498251323,-0.5421748142854129,1.3431952915351828,0.9824446193444542,0.597900265174475,0.7062365770154483,0.031083516307025487,-0.21981110049803554,0.7107467500915754,1.8709014242789634,0
1.8844677536610606,2.274302830602803,0.47105405703669634,0.318485065116457,1.7743391364195427,-1.0498352043340404,-1.1823198819889382,-0.26400992950546087,0.2420443516011101,-0.4545571306264515,0.4139512324835406,0.7014850818828051,-0.17672992549552136,-0.3247673562932918,0.2909677451689059,-1.7614081813075693,-0.8369466887836193,0.2091101226858682,-0.7960775837977435,-1.7292312260011842,-0.42108581955365576,-1.8106005777289917,-0.4223452087011461,-0.0965929244657199,-0.5727504097240694,-1.0804310552028125,-0.9209214333461463,1.8615448407569986,-1.773939748497765,-0.033332068412435065,0.8600721655601833,1.840297982258614,0.08640041383456944,-0.746369392177907,-0.2815818287486071,0.639469618644156,-0.5209142191774824,-1.07847424466161,0.2891079087346408,0.5033978852022678,0.06221321952319886,-0.09769633397350465,1.2355707411412404,1.0051198690243022,0.23916516288129683,0.4304847005028778,0.8789684544047504,-0.0356545660088577,0.6007396608625976,0.13975869129788793,0.4160968732874331,-0.5564633777330769,1.3154821744649632,0.602158933762986,-1.1778459754376605,1.8310620585534814,-0.4472165520715041,-0.5251780258388455,0.5463085138134874,-0.4958946818475264,0.8977835860373792,-0.13828998683567387,-1.6172071993374366,0.654359409185467,-1.0094169983351915,0.49000218335479934,-1.1326990295599186,-0.7906903940073573,-0.5338477294723386,1.3021890192530088,1.1339286640163995,0.9044985271263009,1.4139573793733007,-0.9278416531416246,1.13065527400338,0.33653514559256564,-0.47578935048752,0.8397870687495852,-2.61810488252006,0.4083909774145914,1
1.957634359976526,2.329038009964823,1.8695210485202198,0.8256858733826054,0.40904988700065853,-0.8096284992539189,-0.9718848761839401,-1.4714335894927224,-0.7340863412857189,0.14717907377181788,0.3494972418571344,0.3128009156681741,2.077697408986638,1.250809842678396,-2.121195711894012,2.3171663518705174,-1.5049231350429575,-0.7522948370482134,0.3609599716366618,0.6056360885679264,-1.1403933334530778,-0.8047208854675744,0.9108895385747503,0.012027971161025284,-1.5530373752740478,-1.4980811235821312,2.074135100246068,0.4131975985042934,-1.2166342972616933,0.03816821835998618,0.13501268416458145,-1.4653859639541924,-0.4361522633069104,0.6833120781683646,1.4126233700013349,-0.10506477108374543,-0.2043628248982533,0.32698639302197446,0.6669165113392329,0.6635276640072105,0.9337021237316189,-0.7714881461314606,-0.703463741923319,-1.0727579033239831,-0.9567844801844259,-0.7266566061135818,0.9384639315260889,0.07211474061473254,-0.40543994827083174,0.06368178480962447,0.2618747488681261,0.5220227701199799,-0.5633253033442688,-0.1703330227922034,-0.5191538087623729,1.1301984488052603,0.8122171636926264,-0.6407143010775775,0.6037484295336736,0.7133869849026437,1.778986761317658,1.5069902854903605,1.2819799661983908,1.0847507444822775,1.3377614212512312,-0.030027736137045884,0.4255066808823681,2.140162438547256,1.6307358454295535,-0.45154297993551695,-0.363721343150906,0.6131203019663368,1.0945219292747392,-1.4709880447920796,-1.4997269290300799,0.10081286014575885,1.1056181634900177,-0.038342670522932734,1.0207595810768746,-0.8580989938026637,1
0.19511965622824268,1.9982383317654915,1.0270539020063747,-0.265926462314204,0.6691964145904943,-0.18399992070775373,-0.5044498377808567,1.0137910664156546,-1.6977806327782516,-0.4461938101247235,0.2779826774296582,1.8406549152146434,1.0981606559972443,0.8567933227922273,-0.011084982604662612,-0.9489652796673493,0.322558342311838,1.2572636001841602,1.3224367456868353,0.4333576020849179,1.7405938831532388,-0.2844608270566217,-1.0983120529199606,-0.5883506604073413,-0.8343091353528088,-2.5765295208312144,0.24094502822682798,-0.16974451754389255,0.8327921407050867,-0.6876167877920767,-0.6592351892049629,-0.46509242640188453,1.155661566673972,0.7569516865376341,0.01391873086108571,-0.44007876742449986,-0.5113933887900629,0.30877171196403946,0.4308764727987499,-0.008798259352126428,-0.2869720131554584,0.7176696755187205,-2.346541452409502,0.3932522484108587,0.5041081869846675,0.13243004372300446,-0.42830784221453466,-0.7792530637254529,1.137986368504144,0.2139357183901026,-0.658681561151201,-1.4111649201337317,0.7874219310974523,0.10407316211208711,0.2795118707845671,-1.2655298092102878,-1.5576873562049882,0.7975958112949996,-1.5764392164496128,1.3861618133514046,-1.3446843712181524,1.0196626186590023,1.3303129719258284,0.05619148118218033,0.8803747678502086,-0.3372298773681408,-0.2793408861700893,-0.17475727366559338,-1.5739342431733792,0.17980536932140478,0.6088928738766727,-0.3363766242965195,-0.00752585090017352,0.44039365427476823,-0.5330091443517446,-0.22063343965219126,-0.630027263474911,-0.6914684829570367,1.1320411895428457,0.890598700575163,1
-0.8582318371966164,-0.25192237027183284,-0.21770240201501398,-0.1846820281700889,-0.657824617871238,1.3063646463297132,-0.48537814806759566,-0.17493706936859135,0.454501651623704,0.5811822873330451,0.25969314392725773,0.23212383320146732,1.1898333253339728,1.3291149858815317,0.009538628971996192,0.3736325983722539,-0.7588894660879021,-0.748182030247561,-0.13304485363521695,-1.7430005263978328,-0.7294315511965552,1.7097560309673494,0.740717750256754,0.21711985661539787,0.29940575853478035,-0.21730423804826565,-1.0620901421786337,0.5794634238924377,-0.41936245375096703,-0.5966507841635159,-0.5553746261677506,-1.4032567878621318,1.3017135076483126,-1.0126887801614595,-1.778862747501272,0.41555433477282033,-1.010189374614988,0.4106939011787639,-1.4041818998561462,-1.1355770305788908,-0.1085862316995764,0.86442494395158,1.7744131532072518,1.1851064656265953,-0.22879109687633375,0.5788181767699069,0.8820134540049014,-0.11895178233747655,-0.09063534459331549,1.1649935619498508,0.15243433558089614,0.15791005677979367,0.13579170326101264,-0.5131261368692537,-0.9202161815426684,-0.255897274716355,1.3615380562782995,0.8382478090709214,-1.0376104481053474,0.36823673117128936,-0.15197799681463012,-1.5286525162809463,-0.5661413885634904,0.8753216140829165,0.05097684050781188,-0.3990631199317062,-0.5007637338783092,0.2758659807363517,-1.1361276299128007,0.18772682055901566,-0.7865854232187448,-1.5443800948162512,-0.18961145255099351,-0.579163794323894,-0.6247330261743851,-1.0920872476404837,1.2676668697550908,1.7278870391111594,-0.5824479337228722,-0.15568405200409227,0
1.161567741565865,0.2800033150386667,0.7928691332692184,2.519306250326921,-0.5297682937675343,-0.7307539165770968,-1.1060158516149035,-0.9265300652027605,0.6479736669045146,0.44713854389654445,-0.35236490508812873,1.1035502778861055,-2.010465288705017,-0.018028767761703555,-0.21535047547810335,1.2926872292416978,0.6357118558154319,-0.9538816590609966,-0.07382292356518527,-0.9883137139417207,-0.31550724820055037,0.1057430752042776,1.9713847533846443,-0.6149527804560855,0.4868276688118143,0.46636357233551784,-0.06323931768106189,0.7355759997952849,1.6415994359827368,1.322808162116802,-1.079287845343924,0.48734809074231433,1.0885822689178128,0.25780949212465193,0.2653517146661984,0.754004938008056,-0.8198472358431782,0.2582304025242376,0.3644357298646387,0.29702871524631425,-0.32491758428917655,-0.8361259583732968,-0.4008641435692884,0.19454656488983085,0.4802977079649904,0.6362042606595296,0.7454797968384561,-1.66875583657334,0.15203527817482743,-1.2353533478407739,0.8656692597943308,-0.05998356467213417,-1.6865537916898214,-0.017559839590327676,-0.9745137266199337,-0.9364538431811485,0.34206807934846994,-0.6426168462284935,0.6095117889529134,-0.045516281313003025,0.0330525611148633,-0.15345066623236306,-0.011902700208504481,-0.7363582695912969,-1.3477305333559058,-0.13153551479026432,-0.12713859069861672,0.030499843135462106,-0.08726891969790747,-0.8292615347760801,-0.266378455750094,-1.1167629919627164,0.24490551746123404,0.041300955987379,-0.5291963297542411,0.5095325821409028,0.44286200193111447,0.7531392697480463,0.6741964647371266,-0.9333591793561057,1
0.002113521719388359,-0.5521146226810525,0.5276355281332574,-0.2624782407044975,1.1113940792651777,-0.8492958237276718,0.41501356934803096,-0.5207683305962104,1.6646291272146392,-0.5580347719465896,-0.8172407811317384,-0.26333532046896413,0.21285093835866595,-1.143936283226248,0.9273401847559658,-1.0054916127909599,-0.9561018827788397,0.14272279385451514,-1.638649556964551,0.17584538778152595,1.830778842415553,-0.01304271915604563,-0.6766191332053809,1.0286517702322984,-0.47227215564701663,-1.072140488112961,0.3573919352125252,-0.9679474957346098,-0.6613989570699523,1.0097259441536615,0.6299176421534088,-1.4784111934440107,0.40566029835075657,1.563607624811896,-1.0112575229238705,-0.7690178283974516,-0.1719547942955083,0.6024678991820632,0.46844441308913215,0.23302824930043434,0.3463437231240216,1.6893902375662992,-0.09947393144302065,-0.30948028900754415,-1.2251647057832562,0.7619569472358569,-1.9068838379444224,-1.251022038755162,1.781772366959628,0.014968367238258833,1.0530546334213056,2.4316070765245184,-1.4618409570841568,0.5556630941950843,0.009526334808848621,-0.42184311023824483,0.9714115058191646,-0.23237619135050414,-0.6318524974627309,0.5450991234268473,0.12683583932827033,-0.5132904245700819,0.8909776556947567,-1.1905422985975764,-0.803273593611221,0.9337294554601668,1.2848282852971284,-0.14332411563197492,-0.17670014708303844,0.6614262710940474,0.9975147445640179,0.1591772610601085,-0.44581038747895796,0.6940343104305012,2.330101816479167,0.27041849701983833,-1.1695462762023887,-0.010467963804010648,-0.7260035266562032,-1.1550346894365988,0
1.166331272397738,0.4485820328843665,1.4646427787169864,0.5822346273627788,1.5045508468497601,-0.5810662358576671,-0.44549450863265394,-1.7505767033891464,0.21108436808483233,-0.6012511994829532,0.4381554051704877,0.020799509938565355,0.949828111783361,-2.3239481500732038,0.5916270413053288,-1.5030648875470203,-0.3702035379071441,-0.6092374579204102,0.2816207234938167,0.7025043283658483,0.8369449251160437,0.27457301935313816,1.0800248777455357,-0.043541292481208575,-0.11036881898484034,-0.01287677188608649,-0.874199202261794,-1.0937675224250336,0.9313336881027255,-0.5589167101645462,-0.34023258679495016,0.826064404017332,0.5036237909595622,0.9300193140982728,0.8000740705367781,-1.9352970451675842,0.8593167329070043,0.46355793541382373,0.5520851564615549,-1.3766784498250002,-1.240449463484403,0.3933505174296509,0.34812810559815677,-0.43232333495407266,0.5300477316864,0.16694565568989106,-0.42270649758073603,0.20093624410746613,0.13373980120812112,-0.9232040497620289,0.8979721884611589,-0.431555164212081,-0.9066996864943621,1.5684271988875114,0.17189559514709168,0.25465628112801036,-0.534446457440952,-0.6269325922228006,-0.40089323417795847,-0.5683091427033827,-0.1616512095857506,0.18408530572480633,-0.7323341816921229,-0.13709541947908152,1.4163280336390798,-1.0162502101376079,0.08614697944169497,0.617827727368051,0.18316939497135418,0.04620162375056386,-0.23883502682792707,-0.6450964057576722,0.9053077328837938,1.6771057816044426,0.7864632782392688,0.04380260767951065,-0.9930555412578593,-1.7422549153776523,-1.5342858982797973,0.7507516679400057,1
1.0334781220834717,0.3514851310626508,2.95171959172764,1.7105911701557561,-0.006445549522521188,-0.03952809118695544,-1.7325768766966665,-1.9175612776499618,-1.3637733604361952,1.001474920004629,-1.0722251344361213,-0.7510708929411343,0.29197441412417163,0.4192766858568887,0.5987418685196961,0.7731544690965174,-0.05439783053343953,-0.4455339023867408,-0.6742492306309534,-0.49875648837297565,-1.1034889355003956,0.026037382841997365,0.4442055340664308,-1.1204666841120947,-1.830307284765039,1.531500284778457,-0.7424736068638894,-0.7019358606154261,-0.4413246783353894,0.4278018853853812,0.640770590210159,1.4877255117095043,-1.2779701403533517,-0.758375099688138,0.1813858571672871,1.522756825779427,-0.2893509949021891,-0.4030042257349194,0.2863261818233509,-0.0026069681852561523,1.0320522600258775,0.8866016535379939,-0.3120891540574147,-0.2244943116123008,0.08506526932146641,0.9945940611355522,0.4934324356055887,-2.6676964476633227,-0.6142261647309606,-0.3639873635751451,1.8485864515164805,-0.04711170423666076,-0.5185434932291942,-1.1182384222957862,-1.733827296756394,-1.4935252119421745,1.1297837611690327,0.023133433514065032,-1.2369013417310177,0.5695013462183989,1.2733811490317335,-0.9866507906376958,0.13004874950248382,-1.30422121914375,1.1551993256055764,-0.1859675717323926,-1.6858259947875573,-1.3879392533286576,-0.1732896793146014,-1.7844784193172112,-0.1559816460826448,-1.1203574772529958,-0.16784667222438499,-2.103762415554198,0.4678366343475272,1.038241710338512,-0.44543193262904746,1.9141250511301107,1.7469718286785416,-0.6024126319194779,1
1.8294727753403155,0.250867708812089,0.6242150230651025,2.0194766098791184,-0.8505373331209904,-0.9947163009202835,-1.6193593074125485,-2.359910547949976,-0.45403505554257056,-0.9306639840296297,-1.7383270188291717,1.152374448134795,-0.6131338397796503,-0.6651698291256565,-0.5087342242510758,2.1243757795219054,-1.0296378775350417,-0.6601789295821725,-2.9297432326065,0.557533457275615,1.2229720051724462,-0.06304276176953817,-1.2024993710265708,0.19231492346030193,0.942184495884484,0.4813252001384652,1.2438182310132464,-0.7826131699179456,0.8190899587358438,0.5967817233895151,0.5884811190734875,-1.542658926220315,1.4961052777781119,0.3349201082483422,2.894035703005766,0.08615710203230888,0.054119238900609885,-0.6626993348290733,0.2764712577762747,-0.024985203115284592,0.3286975799802824,1.147273861304575,-0.5427711185424936,1.1928761497806175,-0.7317187867349347,1.9125382721823079,-0.1816961908894996,-0.46722943853929666,-0.5937942394397151,-0.6036324065578698,0.38025198626825296,0.6156427511602633,1.0884934788702882,-1.579412830027336,-1.3040566261088282,-0.5827755921718193,-0.719118443858074,-0.8222333121166727,-0.9008645115289798,0.5419164219081949,-1.0943476091665623,0.41856910630939287,-0.8697641674334059,1.335171589182734,-1.1758233338474844,0.0024621787674208597,0.8796248801701468,-2.104489868778742,0.8420249306608842,0.6231139989284294,-1.1629386370197867,-1.429364131625552,-1.2131966592861696,0.3739635207421965,-1.4717329229970446,-0.7899897333125602,1.3584044943460358,0.28777041538370773,0.6527095320152315,-2.4184436713989776,1
-0.025611562276862707,0.4326303330453339,1.0895190301275128,1.3280321164641737,-0.7370662524330367,-0.19527939657646864,-0.042133124861127594,2.403097647178078,-2.4384772271011896,-0.370707817357874,0.8832037085293959,0.39201844726436585,1.0074993807849402,-0.5060361910899626,-1.3788767909537754,-1.959376022293541,0.1834808958793947,-0.6356009287295964,-0.6332060224294747,-0.33543433908191644,-0.9600217416628702,-1.8897006374178955,-0.21830825969036147,0.7372538294559144,0.6507606782040399,0.15171344197559955,-0.021411345937739346,-0.8094429120212953,1.3060686757785842,-2.2768225661118633,-0.8283457474312859,0.6861433219689801,0.5429717496122766,1.4432513534622065,-0.1516976875531068,-0.5665793188903324,0.20633107445581492,-0.5458394191404832,1.1684375204920638,-1.2011134496844016,2.2525971741836734,1.0558328726160386,1.1148213147244797,0.23943110714468485,-1.9645214930329313,1.8314026306107016,-1.370871078607514,0.9667658613452207,-0.8594159836726806,-0.5723944941927923,-0.9443526766043256,0.6736903751050323,1.590597547692642,-0.44287625131699265,-0.7769389576866004,-1.458971356080934,-0.6116827614199029,1.6179143665374485,-0.12893420790137958,0.0021250951463118346,0.28784560903055917,-0.43079942172225744,1.5533234278531545,0.6834418296344422,-0.19439886546313243,0.4549482671542055,0.7733976270133401,0.3420458830757072,-0.32968133103623304,-0.8934469530760814,-0.6805596573566943,0.6461989313977023,0.7578252120602129,-0.06995687828324716,0.74887934468667,-0.9750600341988724,-1.174713491427005,0.9942008378323695,0.2667608767300513,-0.7385851684204482,0
0.978620993644877,-0.5216945136220017,-0.3030134355274767,1.2118471489179719,1.9047662122851974,1.2578892021789758,-0.5666857801196695,1.527952790068768,-2.415902181856435,0.6049174776743838,0.12524216668833793,1.05807975943598,1.2544241499792024,-0.6327838973589988,0.5293545772217975,-0.5430111975846729,0.875223056870056,0.47281255660489824,0.5771271929129482,-0.28852178257985545,1.2853633128447433,0.2855712093359093,2.071320650928787,0.3978005608444567,-0.5272254379888501,0.45290166733661913,0.37242424264881485,-0.0799614992667829,1.8928978745864626,0.5261088456111178,0.22498754219552114,-0.27476815475533306,0.06928049525217397,0.3747340716376489,-0.52053643151699,1.101481045128309,-0.8432569975545906,-0.045467015225293235,-1.258699302586304,0.37501420753075043,-0.3586401863566051,-1.1893480109920775,0.00023220635637050615,0.44846397496101664,-0.498730829649378,-0.431560655784528,1.0095114511495957,-1.5399559762899202,-0.03230056837700543,0.4477691946586421,0.26468211958083654,1.1208357751843385,-1.4627920998030413,0.276933923298535,-0.11539928240323209,-0.8060763760610988,-2.99063014132046,1.0522240216911614,0.5841338784119993,1.5128199951105723,1.2126613185695545,-0.17997728227216298,-0.1622683481857383,0.2458753590418535,0.6254876703133931,-0.4146469597506842,0.9566503712572197,-0.2935520244688821,-0.3105861387752292,-0.2656282622597902,-1.3318627378616483,0.14379399701435505,0.43491565287217004,-0.9040123949406508,-2.0742213932047324,0.24982982574941995,-0.3157649600457274,-0.9693029614632528,-0.7265963006623204,-0.568482949462148,0
0.3161410193595,-0.10064323679460763,-0.848093561393477,2.6623157599047382,0.9730950133636813,-0.035842823657070165,1.0746012288098796,1.1279988346002503,-2.2056100964141288,-3.378983822206901,0.7078565856847695,-0.9937716767883019,1.1771906545954292,1.4634356613903539,0.17087146434469075,0.44653563636269,-0.13727112421350213,-0.7297038042689965,-0.4678413197512514,-0.027351103255626244,-1.4475230007820492,0.05023434247543714,-3.025974376189852,-0.7325842952529918,-1.8125790775408344,-0.833764186373604,-1.48880783498535,1.4141426803647332,0.15001568690397926,-1.567270683000457,0.09498596197454191,-1.2823144056616673,-0.3692034689845677,-0.5291640868947253,-1.9749296120438478,1.7000971918838017,0.2006740335272889,3.051699159486614,0.845781675456778,1.674620132788679,-1.006194564222548,1.3233376626405546,1.1609068302307175,-0.7858664415126565,2.0784572244219723,-0.07660305455697,-1.1513623325001079,0.04784173152238859,-0.5255578367571125,-0.16778863903470218,0.9091775117620616,-0.7108971059426089,2.115172590102195,1.217342360291628,0.1953870588954158,0.10024393155300096,-0.8497419817061477,-0.0421475049765161,1.2589273299987895,0.29880671940001613,1.1480690338627941,0.17460461112461945,-1.4494784393936893,0.5427892895745202,1.3600651144760498,-2.0474996556220493,-0.9020625822852357,-0.8725981080919709,0.6320503408564075,0.6879396420929441,-0.19679560984652517,0.10527439507852768,-0.07726256450260048,0.15831483152253997,0.19023484435708535,1.9080303489985326,0.48907201506817954,-0.21427153934504126,-0.3396724715091908,-0.9306881278331343,0
0.06983630863571809,-0.44828580907632865,0.20260968462497447,-0.6149591752980221,0.017472985020776814,-0.6640871665124745,-0.05658278635926744,-0.7547357184530208,0.7279623481003182,0.5262967286715807,0.29939200359218,-0.003422766325282353,-0.04714259864918436,1.5774780024044668,-1.4174923446073633,-0.4378572490584634,-1.8838051655250259,0.1910473635632833,-0.2536053343773291,0.782733157959309,1.6715892657075178,-0.5016226900611007,-0.05061987626237768,1.028796035882258,0.7308151705326702,0.3946531308829643,-0.5338365121234055,-0.08010986491899993,0.5115818724201281,0.9128665877174948,1.0380753725444571,-0.041036135672931684,0.08671795403162497,0.3021136547545703,-0.9059180778148646,0.4823380452097744,-1.137025212195103,0.27505551199673905,-0.47258334998073115,-0.694401221001628,0.5900734425635538,1.7844709767468814,-1.1706654548921598,0.08377522399493693,-0.6803679404884321,3.1063695196816505,-0.07777098671423244,0.7560179728036641,-0.02110513574614002,-0.21900779317012167,1.5304845180625157,-0.29574142243002133,-0.3023850530490087,1.0603659965164667,-1.9097747869632407,-0.9249310816007015,-0.3232509787560037,0.2988889882739116,1.3275573478600966,-1.0008589139430524,-0.5347811598589473,-0.8777929442276798,-1.8398328458787059,1.5301038044556734,1.662600506927468,-1.3262196022927129,0.2934645365983575,0.8109623879940718,0.6354519868280492,-1.2774394440515269,-2.0351000105132715,0.26540809719179237,-1.509838039155142,1.58766617537839,-0.12257040793340808,-0.01905705778658834,-1.0502693741790838,0.7140217466149698,-0.812331041606345,0.05101456685627505,0
-0.41601741420723304,-0.8353313228853354,0.9710241568605553,3.1789512790324106,-0.26408361498710775,-1.6156542008087118,-2.743044413145768,-0.6792371629012011,0.04386415535493308,0.6159219859407936,1.1619668629852027,-1.6785309978929466,-0.5137160205030241,-0.22645867318932503,0.01696638541464833,-1.2231320470004272,-1.5769231262037626,1.1613869034951008,-0.5353503343513663,0.24467244244908207,0.9402367787505518,-0.5105400918576891,0.13465001836965634,-0.28421572285804736,1.0616396137945383,-0.6821554405347925,0.24970306653920304,-0.18194624463050324,-0.11929785872554641,0.484301592522811,-0.6660365122374615,1.6128856746662308,-0.5505672730166626,-0.39701592277445147,0.15068245759811522,-0.3333238051302816,0.15801225484817155,-0.6901476641956843,-0.4145253109759476,2.7205607134782435,0.5141648673282408,0.4440677556527806,-1.5241319080227334,-1.0806487660305315,0.010327943995426468,-1.3743078887009037,-0.22515236378783995,-0.48349386316444887,1.3469539509194814,0.002834715796050003,-1.4903338444176155,-1.9568187287937535,0.46664629291680026,2.321477505097089,-1.1837680074434236,1.2793547644839303,0.7758357950535499,0.25700625771993635,-1.821753220534757,-0.972853867328788,-3.561504620735516,0.5737584708253576,-0.14985109942541835,0.09437493055271631,0.172926648127494,-0.398605830130597,-0.004914197136715982,-0.31654516764981117,0.5731859089462694,0.3254435411581231,0.947773318266124,1.9248249095451828,-0.5217432341186136,0.6906016590830915,0.7860446817305293,-0.5819518105272696,1.1844521080874097,0.5171147929292609,0.6796251132737466,0.2977630614724036,1
-2.4552736055475295,-1.087378163802564,0.12848554137328702,0.1503254330788088,-1.0011036279865244,-1.6611713473159018,1.8622414563591754,-0.0681787506996126,0.1868152272400696,0.13804423722262954,0.6504463641167431,1.4233655570436308,-0.5686671541357784,-0.32034407740188714,1.0718159224448252,0.16482714173247032,-2.516184461939281,0.4595840199012629,-1.272203852465164,-0.5295236452274847,-1.4105627619312433,-0.4340022875516943,-0.16631590207595276,-1.399578212981216,-1.4812020775331727,-0.90010951927471,-1.4126416989699973,-0.030228128691655698,-1.4837131464541202,-0.7369093955383798,0.22719121117384744,-0.738629892401819,0.41337328116966876,-1.3311961509493768,-0.8757219007371835,1.5321583509836418,0.32263584154494473,-0.18069814549071855,0.3636970006646782,0.45538240871660307,0.1507695490355186,1.041583281001368,-0.5425442250310416,-1.8526229972421564,-0.18221847757971768,-1.1890214916799866,1.1133941664372728,-1.1446240710563298,-0.24759825262672228,-2.412092432745569,-0.5172973770757912,0.9555382526852977,1.128677598914658,0.6676624071033948,0.9210863451485102,-1.1297154238415175,0.5090018437857885,-1.0549380214016424,0.5215953684799844,0.4384736748542162,0.6225402990971883,-0.16272255662041946,-0.7863377670740525,0.7361238757431758,0.40464644283793766,-0.7633623050116438,0.5780897054096272,-1.0210564226110832,0.9136380217140444,1.7872962889516304,0.6023811178400678,1.8849059862211797,-0.46564726959173336,-0.38497328433452394,-0.8455148884877651,-0.23125031020880646,1.3691899466962991,0.7217475683798802,-1.0696916816518023,-0.1353577015942115,0
0.3931993373153549,-1.3199692410681556,0.09023601354855476,-0.15046195655592867,0.2817206613513676,0.9619987149010578,1.3538538734737924,-0.28139970261051733,-0.8911348232559142,-0.3964095378646516,-0.23742018124164224,-0.8112346039595703,1.2702081327213968,-1.2412565153426494,-0.8655785229510224,-0.8320066906197263,-1.3040236137495376,0.3881038819869978,0.30285229913046796,0.6531289221562548,-0.34305826271585554,-2.2950657430086125,0.06674447478753831,-0.6067917523951338,0.4465883407152107,0.4311215809257346,1.4594357464924408,0.761938997713624,-1.0916252033628289,-0.8823574258371255,-0.3327092147024517,0.2353438079399866,1.0867700975035068,-1.0311649434001373,0.9091814245907167,-0.48314434944190715,-1.4947525778253612,0.7374350318146976,0.22800345369143904,-0.8317580135591259,-0.6233910029852175,-0.2376478809804756,0.1476007551538351,0.3292948707139135,-0.32299482056548223,-1.0073595489302578,0.14657685678099738,0.8872700760707246,0.8776300039803041,-0.7106479872431039,0.0017837526760547328,-0.3087779462439656,1.924629107846848,-0.21967573085467565,-1.0532416651618548,0.4932121442649744,-0.8175294123128989,-1.2134338522949064,-0.26130243940913395,-0.7141421430856675,-0.588101303113236,0.9371593193122613,1.0849276889065287,0.6239060183748285,-0.8548379996826511,0.5540271290874814,0.2781987424545601,-0.9187546756130588,2.795073172136195,0.39609170218769435,0.4602741740993669,0.5226527093351921,1.8021339808058874,-0.8054410494046432,1.610533052221838,-0.5289852693393164,-0.28773389466521704,0.6527251474950951,0.06428755785342333,-2.1127405181515226,0
1.164682458219674,-0.26384934370029733,1.5108636282793388,1.0689401945792079,1.2763327494638013,-1.2548230170045616,-2.5462464413135466,-0.3222954487106081,1.2759485796164933,0.5225557529048397,-1.6725187478633061,0.575430435809497,-0.6376721346426119,-1.2865091193131497,-1.0208703805841746,-1.1737784187608178,-0.9391813909944619,-1.1378558550856348,0.34103668093174655,-0.6527410648046367,-0.27032733284122107,1.0257180673318607,-0.1754369774518329,-0.989041683726741,-0.02385899056651864,0.14140860473183559,-0.8032320162257363,-0.5401479635006563,-1.6082955843496234,-2.3409389627836403,0.8571206622201472,-1.478776975411034,-1.060360456979136,-0.5264154060714259,-2.1670179500034883,-0.43270706599063397,0.06230671102178065,1.4011510650461965,0.12450595985205896,2.0555408191633044,0.15368496875157983,-1.1047160062730619,-0.06656046492573955,-0.3437521250317493,0.3973037215014891,-0.5128789031452998,-2.005431691063403,-0.04434746090141354,1.028075810346244,-0.12635187618830424,-0.25296755739745447,-0.15137442953052263,-0.27560605307391106,0.06520590928889602,1.6252525734432341,-0.18784880670638396,0.2984529652417783,0.6374940395906913,1.4412554334505978,-1.24839153893522,-0.31521930142881033,-1.2402642998073439,0.3148400005950951,-0.8775621620292549,1.1724195212241442,-2.3128171376374915,0.7368723080828893,-0.023851095978041522,-1.682495891751117,0.9848820962566225,0.425782324680757,0.08817774975681528,-0.25407699117076454,-1.6538220791639393,0.010990667932760243,1.6523921674783084,1.6948696532252754,0.11422605615978795,-0.08990822618543326,0.20892919771339707,1
0.5537275007282872,0.6060280864470668,0.45347614494101096,-0.22270361769439784,1.6453395295494089,-0.09945047625252068,0.13668610495115352,-1.8795555710098593,0.06156362161705174,-0.002679281073794085,-0.007811321096691971,-0.8529291997046141,-1.6213467938010275,-1.2413898955984375,-1.4602216039790303,-0.41867514359388874,-0.0059529298614745246,0.9574261201725561,-1.0486808539974586,0.6734722858506219,0.46590974930619744,0.6023722183189455,0.5571292372095296,-0.04052460391351585,-0.5158484778999153,-1.2392730243906707,-0.8168069950065882,0.11547244318005222,-0.33222324715565504,0.6816601748433573,1.8139664461018226,0.48860422529327735,-0.1356585184895275,-0.644287150945303,-1.557344742456466,-0.9899630810149459,0.26279358097647526,0.15796865000209417,0.14718616321979897,1.889406763451766,0.05704637372162193,0.6174947237481246,-2.4361753123762826,-1.6160249662449284,-0.9109340152485194,1.3790037148342273,-1.1520140188266619,0.5430617510193326,-0.8703473038552489,-1.2251050872342153,-0.5974404201072406,1.061557861473149,0.16614624909720607,-0.3738130021906536,-0.7398221846312218,0.4778565559722299,-0.602015709975683,0.38378919701467473,1.2200502792547676,1.0097798346239129,-0.7691356269096413,-0.9138415627121526,-0.15588355878432483,-0.6142768729288232,1.9384156229238083,1.649329492632373,-0.9077293694862375,0.37741897334636654,0.7062153182005415,0.14507381547979847,-0.18688316091255372,1.0212444093262267,0.4875319891262783,-0.9244754278921333,0.4779418520196052,-0.1932841339176954,-0.9464133487406499,0.23929071440094912,0.08155590437995432,0.005184507792183315,1
0.37638194147366144,-0.5882638589678273,0.41638111811875106,-0.1785512235187667,-0.7752601019869501,0.5466058763238767,-0.32962083698787054,1.5671683680089736,1.234192224633003,1.7260470258806908,0.22286374322736746,0.8673268594799751,0.14280139335867217,-0.06907547511562044,-0.5319410313561368,1.2306310727148642,0.804682178301491,-0.5887888128296076,1.0222946045555545,-1.0808055790619349,-0.015129887535887449,0.060343345952009464,-0.7312623435656923,0.7820873022774585,0.46246785358284886,0.6099520566498295,-0.8732070256694406,-0.3481477420019073,0.33837311867822406,0.25969614660406326,-1.827875575014935,-0.8080601598242192,0.03638238065353597,0.13574899644669441,0.1128874191749487,1.910025663720061,-0.07357204166978953,-0.2999919175664912,-1.372820883745648,0.148384345892096,-0.5940437927380094,1.6585711151256277,-0.8909157014045914,0.3903010911527954,0.5047494018252568,-1.6753052487619895,-0.0017076602135314056,1.1987009930892913,0.10301590089131424,0.8415225704355932,-0.7005803498008915,0.31980502662350796,0.4919727620002588,0.9810647741759407,0.32424889682477953,-0.12407504914718868,1.3318250040798854,-0.5689898114295303,-1.3146063660568383,1.2784160513197842,0.049810447047336795,-1.7624158211052012,1.2014318243444173,1.0267190705795246,-0.32737129897743034,-0.07167998671272012,0.1740271483234182,-1.6933786991654098,-0.3988227653401329,-1.2619913829127711,-0.07624873584801592,-0.7144010225644475,-0.30251827423414396,0.5188386201039138,0.8930308929834568,0.4135969503772885,1.5915874694523138,-0.2849344044512814,0.10857611834316619,0.15962128220592658,0
0.6948271150944368,-0.5807422943582237,1.149235431843521,0.8385094563384039,1.7610767961422125,-0.4755868247801134,-1.6457638386934637,-1.3261540039928066,0.7221763626438457,-0.5652147975080775,-1.6747615449822009,-1.5626369575936891,-0.13618826870090245,-1.6700160731906237,2.4628842013189836,0.09300431418086327,-0.38321700871509873,0.8307043015769346,1.236093746697452,-1.7483833557916113,0.8234731237269174,0.2855077490432228,0.6932157081803185,-1.032275834769899,-0.2733767561054524,0.30464869651541027,0.6395482813751396,-1.1070859867574174,-1.1582879856337922,-0.2996648220453236,0.9184595437302675,1.786666765103534,-0.39230192520877044,0.6810337137577899,0.4000046610918952,-0.9240730787848959,0.4602675280117027,0.4684009901492569,-1.6274920671711606,-0.24117002825986886,0.17902259850297492,1.796217393420637,-0.9053939106188019,-0.7139165394393493,-0.47958096681815526,-0.33239593683910756,-0.9956719177154836,0.057459610977277205,-0.8989774219311785,-0.18385491329500486,-1.1825069550068492,0.6667077530289087,0.7525099612256166,-1.1146029258822676,-1.5976794437186104,0.16872034190874446,0.36522864300599817,-0.038437100361839026,1.4579750722644291,-1.7079967620242826,0.4555989160710221,-0.1297462916690933,-1.583734319850277,-0.27348878697741175,-0.13322795306745028,-1.1992360280895578,-1.4816833407245267,-0.2935311332615786,1.4122805647557497,-0.16672437109362548,-0.5312602559891673,0.0849534873437549,-1.307337946700472,0.06492731467590118,-0.8186208490947954,-0.49916740256754877,-0.598453289612996,-1.0331301533097073,-1.2708059253148025,0.24563516501812438,1
0.8243533182217948,-0.41198865673635643,0.841611704458654,2.5884456186560345,0.7127190528374443,-1.2102388914179536,-1.288413115377761,-2.0386805171989892,-1.1245808355580535,1.40951191667563,-0.8321810411841143,-1.223682194345411,2.3023003105243984,0.3351876057688414,1.5063143853106806,0.630400927864944,0.4626442888079752,-0.2799146124610985,0.5662108630709497,-1.4587941528239725,0.8412520243462135,-0.43573655841221554,-0.5204507743390825,-0.6427435208108362,-0.8121799711753906,0.24633115496520816,-2.520869864153887,-0.1968323917297509,-0.04983752516664795,-0.3400621636320608,-0.1994398667940323,1.1417037173573492,0.3690803862983852,-1.2948681210108195,0.5577134544873652,1.4560285209935713,0.4239757623418803,0.3590978975064853,0.6858355350466,-0.568248576592709,0.07880335624241852,-0.9542667504754404,-1.0691345188629156,-0.9412049442744783,-1.5176017496078813,-1.7980419221765116,0.21177935569146555,0.5419315561314442,-1.2969599102129428,1.6695127696481316,0.33162034566805765,0.9748820445313889,1.2897283903039134,-0.38719204450435424,1.3116350273810706,0.4381717155638865,1.2993681342357026,0.4515762018827955,-1.6001700478748204,-0.606398608621601,0.03277982742036727,0.28132486866279843,0.3805082837603656,0.03671430742194274,-0.44280469032712566,1.148233570817655,-0.6640502020445818,-1.047638791440618,-1.1426159783159637,-2.1050052672282895,0.502849586319792,1.3135416978334653,-1.1274481387306485,0.3222865933193432,-0.896583612788718,-1.5502083715744013,-2.045642650012022,-1.2506307471893652,0.29185763180900304,-1.3238529862444504,1
1.9125745879648246,2.195629105911241,2.2942721337511207,1.1837684022429205,0.7263650633255215,-0.6753950082535274,-1.6739061861811873,-0.9410456522128932,-0.34005877144533136,-0.6363556064998189,0.5641389338594407,0.047101638446348244,-0.26043746881183216,-1.8720400761105014,-1.537388144323736,0.07124533174043499,0.3798733528351187,0.6937394330866186,-0.7594720212541162,1.0031111207670147,-0.687869737557551,1.5433074857867317,-0.06938588166994687,0.48837200814393644,-1.7094840251356314,1.368292014956771,-2.2759691556379837,-0.17146827792218408,1.1145524998246015,-0.15127632826040457,-0.3188319489091715,0.8955590631311582,-1.2917434842715092,-1.598606990738988,1.3295032237609108,0.7615376123237291,-0.3494573702041428,1.763383615764162,-0.5494205889757412,1.2882761466435024,1.537306226545099,-1.0603451625354239,-0.05379946431838197,0.0023630693630042115,-1.1530574009287213,1.187296150796463,-0.43941885997261365,-0.5941873289703118,0.23181324079482377,1.6540017744607003,0.6115888195109902,0.21429278806494817,0.9515296990368838,1.1604576478900959,-0.32984017783913994,-0.04384002811101124,-1.4769719646670056,-0.18544039135382126,0.17323230205301776,-0.8845400957412899,1.9274039024464833,0.09420714518245209,0.24607817142465654,-0.5502552080688765,-1.0722152782744738,-0.25595914185191865,-1.481893718879559,-0.02427084923305679,-0.8143379041494785,1.4877091193088487,0.23269657546990827,0.4394412633869396,-0.09489372726872052,0.891253925654931,2.0231025047461135,0.12139800015513678,0.3174875391845315,-1.0270309056678444,-0.5967054657069019,-0.008789548967233727,1
0.7507694110258637,-1.872432186049973,1.0274615264506015,1.4441512017089697,1.1361161013031906,-1.6409301573784374,-0.8391654423304469,-1.5543164404278988,0.059039068787822016,0.27180640948870033,0.8858679356070945,-0.31975372987052864,0.48333143899078296,-0.1208153025086517,0.5651587710776061,-2.197514363171546,-1.2811077369750263,0.5023323942140794,-0.42414989009399734,0.8448647932007282,-1.065635406311103,0.5516801589720052,-0.2178756411306772,2.4329917763039943,0.5497390604492933,-0.33725809170328064,-1.6701619544388282,1.4431829014766062,-0.34590484706146285,0.20956884898520822,0.8721105671669226,0.9847600365882777,0.6278558478850773,0.6295876515727329,0.24721492590439761,-1.0299680539030833,-1.193629237636704,0.7812732411402942,1.2996916834141947,-0.3504102658364714,-1.8221601731449235,-1.8879038391779495,-0.35764150364398106,-2.0709306805331003,2.060631328946526,-1.2228073093680527,-0.8648620889126675,0.43924236061582717,-0.34323571934250957,1.3790060362024492,0.5466541161951173,-0.4792573498513566,1.4000627006960054,1.2359812626205557,-2.382575661837642,-0.24392316741136114,-0.9139760819749846,-0.6328622593077637,0.5211584252124086,1.7130231753146457,-1.4503029706265869,2.287330129919935,0.2242347974287843,0.0897922258730672,-0.7614921215731881,2.902320970871312,-0.4734261396905319,1.213284337836105,0.5359657507674528,0.5733801841785052,-0.08430035185883526,1.4398952894713695,-0.949362113629856,0.28350147141488874,0.1950517668370039,-1.4084207446775534,-0.492554454325692,-0.45087265090071604,0.08034874070297321,-0.1424067728163789,1
0.7412417238761989,-0.7116086931064775,1.699332180803494,-1.0013033058426462,-1.0969560968295282,0.6855698136486461,-0.674856790834026,0.45558722883683217,-0.2767588380200385,0.2992656223714162,-0.6071396121813988,-0.4419501766948304,-0.9076717262703019,0.02292544204909036,-1.075658382052109,-0.1790235190706827,-0.6377840383144426,-0.2694015408067216,0.8163294649076511,-0.4890211997080736,-0.24015567371643037,-0.5971621233261225,0.48154303627258804,0.5185439935852566,1.650436509496512,0.30443611799741654,0.10104382863646445,0.594440359448966,-0.5632200467284507,-2.012537359302497,-0.2930701242694548,0.5625708232066617,-0.6391818159696825,-0.7238997032839731,0.5871842256756993,1.0390950440283862,0.2854169260733761,-1.0800427606286314,0.11291481872227033,-0.9452379384125366,0.6960671276771517,0.1611296432457113,0.7689338449598927,0.9251990974383022,1.4260828334669577,-0.6013811017266504,-0.05563110774337899,-0.23301934850910344,1.30778288330386,-0.14608082843067388,-1.1976919802066566,0.46862856675258274,-2.982595877389701,0.7804536899956015,-1.499411115975501,-0.29451866932092796,1.272009936604088,-0.5057314530698669,0.7659190149012048,-1.3271661741986167,-2.8387204660798626,0.04583863009467188,-0.0455609584067976,-1.6431736017532184,0.27888173277314404,1.1548132188895897,-0.8030241824882639,0.8185808909321151,-0.5877736561774113,0.6156353594939358,0.03415774669718689,-0.9478196526876556,-0.17190824814827796,-0.2030162555221026,1.1978279001870813,0.34083759965247207,0.3040230192977686,1.4179560290099489,-1.2508091050903107,0.3085602458893487,0
-0.03527176788226272,-1.1388534720791381,-0.017675498968682025,0.4370438555389969,-1.0094719663926195,-0.2937355817769586,-0.11996504145620654,0.6181633199608173,1.9872672480901874,1.1433201656070267,0.13303211915018098,1.6089987652971147,-0.37968773772257053,-0.6386293589429382,-0.08528378952371717,-1.0142505361686782,0.9023998465346852,-1.0527897626300144,-0.6983581018925104,0.30366333784501315,-1.325352911557025,0.44551721648551507,-1.0789957912858537,-0.6083226048003972,-0.43371014381613526,-1.8169113933785195,0.9940533282614824,1.0030763827786369,0.43828786791046415,1.9366555193670731,-0.1741220795961476,0.7784149012894842,-0.4830804083952849,-0.46742846707046687,0.9297356714103604,0.7691114851440108,1.0200101023533779,-0.6885038641020742,-0.5986727450793101,-1.0002766727969747,1.4754775463453758,0.33399069105108314,0.5303742328871893,-1.1145874288643716,0.5750262457972211,1.1066883532232474,1.5442748856133208,-0.13276006011956584,0.8768696980705891,-0.34197897398915117,0.8699573756327014,-0.9109595254672544,-0.13010482040611931,0.02133065690881482,0.31446195654359305,0.9107319094819286,1.3024118433319352,-0.14923203641603772,1.0277053205832807,-0.20370798333736956,0.002257804082028399,0.8120527966717447,0.12263914909544579,-1.3343226486142556,0.34868084134542987,1.17256978133921,0.6849574163164048,1.4590552214414292,-0.8579475288254094,-1.0561583426432868,-1.6953288948480099,-0.6561495938400752,0.2882255031892871,-1.540449198317043,0.7501276361451487,-2.655234275434244,0.686805119995924,-0.800760900390374,-0.9829642011950722,0.12743808636066753,0
0.8764946889725315,1.6813399459660396,-0.430654497822962,-0.2614717723189169,-0.016040965637331876,-0.8756407676245365,-1.024923927527462,0.6816387009564902,0.5613387569329316,-0.8975999605921426,-0.2437521346411932,-0.09239433868425248,-0.7487922482439755,0.10552421786922327,0.09449753447658589,-2.563210546781633,0.05849897453915122,0.1833633896823491,-0.3432095339092279,-1.3544726991684717,0.15326623109613385,-1.5284311037132616,0.41679927109486953,0.06887536001665423,-0.6787820198709797,-0.7585357701262468,0.027267170856655764,0.9229891462506599,-1.0480536328782426,-0.4305609689296598,-0.23082612766462723,-0.25759493625444374,1.2206813801066305,-0.40799193252573007,0.6423818046894344,-0.09973348486034497,-0.8709039100843582,0.24954808455301464,-2.260530717049613,-0.27584658954983376,-0.20764466353306532,-0.1968628786592988,-0.6329985921364947,1.3998699035065174,-0.49869395670364425,0.05473328107877211,0.09794855110482852,-0.3996767490517326,-1.0066253017570075,0.23145606950327105,-0.8009577473362417,2.7390047087083196,0.6223431795495808,0.01892856878976329,1.3852714425750279,-0.49291904141885395,-0.3313128939227498,-0.6537032673334672,-0.09403348284766018,-0.02130644742721641,0.40389470815366213,-0.4025466321894897,1.0063671758149118,1.4266873680216445,-0.12439387383552972,-1.0732091519402482,-1.2161841514058576,-0.2403264604646394,-0.2748822791780833,0.7240399150621841,-1.6690989100175604,0.16793307243784658,0.9590547179267324,-0.15905900760093086,0.7292535795940404,0.8792629499717066,1.246873813449875,-2.02362808803105,2.28286788874653,-0.33380151623529947,0
0.16128019387348072,0.3457951575374053,-0.6327123856937932,-0.389477568961876,0.0853110699493441,-0.9273687103980862,-0.4740751424460688,1.2980668655878753,2.5327026416791956,0.4297783342175572,0.35913929864196537,-0.904599515915396,-0.3614671889670715,0.25877270331250934,1.035575867640301,-0.1434169303117777,-0.1384682951992035,0.5062465059221034,0.03963500748806661,0.44616486282611456,-1.528781628170216,1.070001587270785,-1.3971350670949176,-0.05948091808516178,-0.19928889582112563,-1.9329001060859845,1.4466903454795534,-0.8984082834719722,2.0041813993718307,1.4271829290259124,-0.1330241353986064,3.4230374553987217,-0.16206493268192879,0.26011241790824186,-0.43116543275089564,0.18644358626555574,1.1933214508494543,-0.19848046564465252,-0.8251880140541608,0.06906696410631036,0.7789962300710528,0.10102298047299217,-0.9448897784530693,1.1806473175315753,0.5296221183639296,1.0885308743265554,-0.251183890540143,-1.1045562824723316,-0.9613208019057367,0.9666239252225689,0.8447580280842777,0.7811443804521713,-0.39288625407194727,0.9397355168743111,1.1415384394783232,-0.38511025529597614,0.6323893294249066,-0.019115116312218322,-0.45145732517430326,1.4771656860507583,-0.3008795951582782,-0.30199958795994736,-0.23364069650233946,2.643302790456445,0.3218315671816182,1.2585545082479987,-2.238863262517471,0.49108941354224805,0.31827778007270396,-0.9474252105544811,-0.11209131506704288,-0.34853150313169434,-0.24757004653862658,-0.04584721861763954,-0.623908241369436,-0.14819707729951023,-0.514527731870732,0.5840441231313565,1.3571870453399226,-0.7124852244461368,0
2.3937954617616093,-0.16061730703152843,0.4392745500755588,1.7260423273516965,-1.4616513335687105,1.6855596776745638,-2.540239608235411,-1.5441225414029884,1.8825042945482122,0.7113421704930952,-0.3588800535227606,-1.1857473641826857,-1.0084931817870033,1.113270128217326,0.06145539492101317,-0.8396304824230573,-0.25425707184696195,-0.8142390642386413,1.6882089107125264,-0.5934885943487728,-0.4804146910563407,2.7191896695520286,0.21167171617138875,0.7101499969586343,-0.26970045456631675,-0.49444398374080173,1.3012754550049266,0.18824962138904539,-0.2027983501995964,-0.7948824166973898,-0.4566419515052904,-1.158413025319679,1.2975861860922795,-0.3701928276535122,-0.879324992746074,0.1129199507039432,0.8148662642609609,-0.7550169285418094,0.019146507863314212,1.5873219030005479,0.40201829863327426,1.9591825197054364,-0.1573889596371586,0.6887852330615722,0.7776212090984602,-1.5492449842897333,-0.02833720267152829,-0.5707818098673384,-0.50453788903235,0.5138445441677015,2.3336503298778566,-0.014380213736136044,-1.3562123242633204,-0.9559521833493786,-1.5114555812788768,0.2797682971188591,-1.0436017251305936,-2.7405340403673173,0.7060897117624256,-0.09073292525493638,-1.2472572915541755,-1.0900888903851293,-1.3158574357403263,-0.2085464003647088,0.345426693142999,0.4387606198122637,1.6091580070175213,0.3073002328043933,0.1877838040696879,0.5063305377478473,0.031199440406145803,-0.44556887414890983,-0.525152053965665,1.012673232430896,-1.1149271253404016,-0.45933028230649636,-0.8973835063149447,1.0691408395814093,-1.2315428594617503,-0.19337207278982133,1
2.197743073891382,0.5378098245749768,-0.3687145588409737,1.5780626205435835,-0.04414893355383054,-0.9331403035293271,0.5022765939288086,0.27074903300046516,-0.9435929140461586,-1.1587493041970784,-0.39466979908998434,2.004811337480909,0.4869280957598487,0.7760863258375835,0.9234337541224469,2.3050497830303667,-0.628152522209141,0.4600190016451362,1.0446097652483748,-0.7780827940354224,-0.014788121184461187,-0.5439317873744869,0.9909026054426107,0.2304499310559607,-0.1604826225208688,-1.6074520783020108,2.419497708281621,0.6679237100428043,0.2593655411495464,-1.2525429991199022,-1.2498176231849714,0.34256811329155207,0.7322884937612616,0.3445864556680567,0.15277890586757537,-0.9863783414177245,-0.4064436792676357,-1.061832171822684,-0.33575573697432737,-1.307702984441125,-0.33819454071510907,-0.7061026451338919,1.2254252740438407,-1.029081177061517,2.304103093946328,1.1761670619293325,1.1184189001694635,0.9639893929334097,0.1992876355039823,-1.0498317650545446,-1.094096690980989,-1.1544643856058083,-0.3025804652017531,-1.9102241709833008,-0.4595657261063319,0.07860966705058843,-0.47320363269880444,1.3622382529286008,0.4544578321216981,-0.07475596171914504,-0.3532440030890098,0.05285921922835101,0.6806451064186755,-0.15056664157657398,-0.1348897099010004,1.3009017809518388,-0.5236147827079379,-0.3254164797210549,0.33191471094497366,-0.6025376260410743,0.6966590703995165,-0.9261702584642637,1.1302023110643482,-1.5270741798605587,-1.3301807808200492,0.6359175966079843,-0.4340882003563269,0.7788090129918955,-0.3168007460321181,1.8707643686426743,1
0.7837470672199234,3.767162427890978,-0.7315791540973573,-1.1613428345006516,0.8477905733786919,0.20462049043074249,-2.954872647791014,-0.49547679497470376,0.44157405455431514,-0.44583993657058457,-0.7545741161799013,-2.102510960905767,-0.6753361075354339,-0.4230662845472343,0.6095296498180323,-0.5895489370707191,-0.5479534449591572,1.8853805476074792,1.947194980760104,-0.018265433254281153,1.7097620016605726,-0.6182453050615311,-1.4412538126193286,-0.0394092296193152,-0.3323298644851404,0.3230467528827399,-1.457590745805068,1.2252083518250452,1.0590023939023987,-0.35273063592322634,-0.6566911025270652,0.45235675090181354,0.6315244237178743,0.2618010252631654,-0.444062499619292,-0.39676984232125473,-0.659565794059396,-0.5150656292520117,1.1882605676928035,-0.02414865343901428,0.43778011691365776,-0.7738620721259899,0.32186223885553034,1.2280140123664274,1.1290759510507846,1.9700122751756104,0.8679175578083699,-0.9754091509817171,0.059201413297482165,-2.095107950872994,1.032957887705073,0.940265170441654,0.9657450524100489,1.6949766472197336,0.03609408834083534,0.6225837670340687,0.9076793352403429,-1.1320792459946136,-0.36063809181963796,-1.7615827904209904,-0.17645826728594155,0.7160645904500491,0.7393620377371232,1.4773499414308484,0.930776585100992,0.0907772916274862,-0.5115712769745344,0.46952270116802175,-0.41450966319969584,0.6746722433273782,-0.032721436870862375,0.7796324862478152,0.9435690780822269,0.6591116537231937,-0.5129813063326523,-0.8768273932878409,-1.0587957480414916,0.9099987899520101,0.5336082830977061,-0.8352463185520461,1
0.8293363305837202,0.5250744642978357,2.2481497853765795,1.747596572292868,1.590472697526927,-0.3575567368382284,0.61967826255807,-1.659642572648964,0.32178463148824504,-0.9288917284535091,1.6565614138847005,0.3641648678743495,0.9025540899262299,0.8336330183673336,1.000354550751311,-1.9606520341840004,1.1633349672707958,-0.03885688485849803,0.2527178824644944,-0.7975063076908152,0.9128665482764357,-0.11496859222845969,-0.05484434415757342,0.3021991447354561,1.0788398924015727,1.2678677878626625,2.422680017529751,-0.028246775666135263,1.3598062080086888,-0.8320181068511979,-0.18026681240531925,0.09381020118109985,-0.9726458120531641,-0.9488703922907826,0.7121678821379869,-0.40288476408154256,-1.5208462568562293,0.8950120795180863,-0.801146532367677,-0.17540802283432155,1.2727916085443647,-1.6534211658729236,0.14897498019739566,-0.8436774544621259,-1.7473753080174612,-2.1745369579036042,-1.7445034517805595,0.2635304334419774,-0.27238991758737746,-1.371291688203756,0.09958440737956849,0.3020891050384357,-0.7179869102365393,-0.665269527099844,0.4945906799952602,0.4695130370087802,1.0364334129744053,-0.20854246526877326,-1.427788973333451,-0.08592379376473938,2.304450231278361,-0.43608233348960185,0.901641270741501,1.277620839125994,0.8382949446192316,1.0503431257651912,0.06423703869160974,-1.2892953668968588,0.7094674709662369,-0.7745553089980601,0.17828677158970163,0.47462550838785317,-1.1935291603866958,-2.2623378517653583,0.5317371911268965,0.1305248362834793,-0.18410378791302362,-0.7668509385512555,-0.45742892303289834,0.6820787286391641,1
1.7211323566847856,2.7091504165467963,1.4849490417127507,0.5110548535751958,2.1442872415831653,-2.089974559831859,-0.44391835760700044,0.7039586222755965,-0.8217242623886406,-0.004481395766347534,-1.68852508197847,1.054520624796909,0.3527440332620541,0.6558138271631188,0.024033853553333904,1.711678522434831,0.4275437479812354,-1.818735632176293,-1.2832920752530246,0.5772463418652262,-2.0215656099603807,0.028853716155166097,0.6067451182949093,0.48675497527669764,1.5442802866945395,-0.1177300002906103,0.37948703479778495,-0.2927378711469726,1.6368452429484965,0.2632599660686233,-0.5741387339784589,0.43859963749177117,-0.303711637138675,2.3763233831345625,0.6023974874805416,-0.08023520926184848,0.5084327894094587,-1.2800794473598487,0.14059299103413586,-0.31563650424082457,-0.6709990642009201,0.03344346556920368,0.8637435779819771,-0.5084588161027618,-1.1883277925426998,1.2457018426375326,-0.5710519570032632,0.6652138602735981,0.9576312295588401,0.6507352948760494,-0.6763354047274706,-0.39225780157961015,0.2272522417630871,0.33990599396412724,-1.1254226347763492,1.7439533486402437,2.24375844415046,-0.7449117969990102,0.5140056669605025,-1.228881952159448,0.8943754695006556,0.5201163395743649,-1.933504549535848,-0.261974871326856,-0.5822958286209615,0.6152836258194057,0.3633679817903139,0.08816221074225834,-0.5809624852839772,1.8598891794685282,0.790828201720425,0.9858861956075389,0.3237893187469653,1.8551708270464362,-0.7781980601579688,-0.9060234943068846,1.7352207162948452,-0.6329575410148882,-1.6253126388345662,0.32504127566270086,1
1.6586002874453811,1.5033443096143067,0.09195373856511785,1.3523601337615798,0.067929842876047,-0.10450548513923368,0.2803276996847213,-0.11172956860318495,-0.5589109967976293,0.9332534366152063,-0.6618730680948267,-0.896067916512765,0.4713772829773447,-0.4015876082585464,0.8784688315185164,0.27617639849302006,0.04080545489097255,-0.23286009975938862,0.14881116762324081,-0.4520533265154418,2.1955013266821783,0.03818223810821615,-0.9145983482438446,-0.748523108894812,1.1529505247617882,-0.8304955700677107,0.27041748060354265,-0.15427493845498827,-0.2688211734910689,-0.5108693504620292,0.24665885952805686,0.9408004671379018,-0.2601053701934019,1.4248626877294532,-0.24322677912299276,-0.2056565516556154,0.22730607855921636,2.2309463090723147,-0.32808262318830234,0.03097080115881923,0.055641859839928046,1.2377545459456762,-0.6872599957928253,0.27689951215675346,-0.8445156626990128,-1.2474821460911367,-0.2490393476818923,-1.020251151875151,-1.2474702201620285,-1.5597654787438373,-0.21878492582490094,-0.2899078174228261,0.450559105314348,0.5561689409325256,-0.7178400370484043,0.21018514204849448,-0.1154947576621684,0.45148195661431784,-0.30275609498678385,0.8509202326726236,0.04023422160293064,0.3836166472548809,1.6656987930801053,-0.8643591046576939,0.7916677839747482,0.3122547173530758,-0.6447792364686212,0.4368532822530858,0.3189061409697215,-0.7202786020529383,-0.5547188440444609,-1.2304067123535094,-0.36081696612665726,0.9265351809174552,-0.26394713536206615,1.6491604600323175,0.5896030987488123,-2.018293587030118,0.6393670057812386,0.6552297736585747,0
-0.9021545146120996,-0.42852919626937147,1.2117609490159134,0.05331713296528979,-0.7200079784972738,-1.3671467688492882,0.06379127518990055,1.37491321070828,1.8927576759400744,0.3374591075694182,-0.7799556747237318,-0.4739464116667256,-0.5807493900130287,0.24465940170197853,0.5036792766795952,1.1196852580003194,2.2863854451769736,-0.7098783719149024,-0.8015558267397113,-0.08663611535843312,-1.2093506549854103,-0.6473371350118342,-0.08993789655904648,0.10268553195156677,-0.5870356308275141,-0.5327515646053966,-0.19707889548955604,-0.9674931738453081,-0.14739990913804657,-1.4210733053189064,0.7349084813289649,-0.8162694467104326,-0.4332961700125148,1.9332928754091503,0.29033555235951564,0.48413326583736516,0.28121195984899916,0.6677805865481398,0.3867239524876047,0.3557374846393734,-0.1659074469510546,-2.2217397662022678,-0.09333739001054546,0.8889989918303818,-0.1607322398656928,0.0647787172449494,1.4236380635542556,-0.6506063488368136,-2.2067830500082883,0.12913470663998233,0.4681906354903354,-0.20591285003692714,-1.646034438788852,-2.390634483551168,-0.03299751195055347,0.721231607403107,0.3449421496826222,-0.8858666768097658,-0.8048810656687015,-0.5435868302581407,-0.6597987948079425,-0.09340617337399433,-0.42492847111335497,-0.36297594426710733,-0.044193743636483505,-0.16227147700932254,0.40560221343928504,1.7727523616842429,0.16680164003926048,-0.5862010980391392,0.4646896934906023,0.4711191624812319,-1.441294831751689,-1.0817603543816077,-0.3527350367669723,-0.5819333276479863,0.6597458813658095,0.37564182077349334,0.24410196903633413,-0.43865972394823516,0
-0.9896419580896733,-0.2986452519142942,1.4375624264737286,-0.5705132771055027,-1.207306249025342,-0.8656806614354758,0.11682091496765443,-1.3143419928750921,-1.1097476503832835,-0.32682047724670443,-1.7840850570430589,-0.4436093392519334,1.952334782226876,0.388401574247243,-0.14391437608638175,0.65811333712146,-1.023646221484487,-1.4611898610692162,-0.8439976357848018,-0.9023531182371439,0.27205602393423317,-1.8473433982737606,0.6670454983624814,-0.18793668725168314,-0.8824947737326856,-1.4047839176636647,-0.6149032491729987,1.0647449852451285,-0.24942281339414815,-1.8204063017272651,-0.22830544764941885,1.0407201855695747,-0.6423968665764985,0.3457958736630425,-1.540372776216017,2.1259068170869044,1.9906015443521,-0.6180402428034175,-0.5295595766744052,0.2880010271901481,-0.7673771367454485,-2.703760898960909,-0.6365727718656371,0.27352407286475483,0.282229181470418,-0.3582561528156367,0.46158262056716004,0.5937011315483375,0.8233339930901834,-0.137240804566752,-0.41459556471981246,0.8341679186101545,-0.03834438402369138,0.5837449140769356,-0.0916245603418242,0.2848507415699014,-0.6001073636770851,0.2958044265507436,-2.497252636460932,-1.3902671140426681,-0.5524265490239304,2.51535547878773,0.03936114767983806,0.10410436722631729,-0.48850113589033145,-0.2891450576392962,-0.6939389525542341,-0.6311061041009073,-1.2041880799873987,-0.9308192344869071,0.6011138487589234,-0.3274430751009929,0.7800516091653495,-0.43047340066992246,-1.8913299299069732,1.2260637892760806,0.6191661355953456,0.2073395713275889,-0.5013560678114102,-0.41237980464858537,0
1.587419389691709,0.2982726250795428,3.494108544283046,1.1349914434431965,-1.2814612736100737,-0.7782123457584964,0.6629243503927257,-3.26285924341227,0.8768553726301632,-0.3574194739434407,-0.9174575884811838,-0.06111340550420454,0.3240730670063832,-0.5986347421272968,2.039233701589867,-1.4317432097155627,-1.1331612151349324,1.365840630846972,0.39240409184820063,-1.4477503356150252,-0.2646099467291181,-0.0735274022617273,0.2092520632207428,0.19471674559729985,0.634264083836395,-0.3244206642388739,0.33078545141316407,1.8044143742416183,-0.3188572549400741,-0.21566943330064517,2.3041043833741153,-1.377034024289658,2.248401833886199,-1.5326824758617987,-0.5809525333629854,-2.1939443665459017,-0.20923297878106187,0.4256874524371406,0.84944279623391,-0.2316996964381566,-0.5379363578652914,0.17391400303345922,0.1169738281566062,0.09570190843211272,-0.6052646788126224,1.836410888138556,0.14423178153219907,-0.7514943956443436,-0.3688454336382984,-1.0819505158552492,-0.06699301708287854,-0.47482716570781924,0.15930992959359366,-0.3723129886224449,-1.6531913865982055,1.9220139932488365,-0.09821472452274967,-0.18144074693831772,1.1368837037066586,-0.12280929033881507,-2.4768103248980613,1.9025963209110308,-0.11573112106179478,-0.4759263158877776,-1.676343166337832,-0.376579483398486,-0.3804030476306466,-0.18131464484749507,1.2609644754748737,1.1163389680292952,-0.8158532390435204,-1.243603258078304,-1.6654584756287558,0.755338342114913,-0.766543739784519,-0.6099863070416235,-0.9420047094825663,-2.7413736545523473,1.9243902280268155,1.777688242568887,1
0.4515853330424453,0.5259951672580767,1.057797061860896,0.5013862157724889,0.003677508467805013,-1.3003670905363367,-1.2454674526239626,-0.017626741046130934,-1.0815395600338096,-1.4613018325574536,-0.14470479933118746,-1.9322586149195375,-0.8667696633491174,0.005367422093725761,0.11805290392434846,0.5514744137318394,-2.2715841058182598,-1.1451751596470534,-0.29643354691215423,-1.4066818643753436,-1.2146318492753483,0.13241899646843505,0.5404867839317372,0.48821241216125094,-0.6175374158878831,-1.937649281840882,0.5282591130818373,1.4658434223166044,-0.6517626595465817,1.3017720126424688,-0.5326654749194502,-0.11150377558394547,0.29465881832555485,-0.5456892041358263,-0.10496039546229939,-1.1483885820960704,0.8141061358969022,0.012521400617887845,-0.7927776442192824,-2.029793871180217,0.1248604764691326,-0.6726412754174514,-1.3164582383598378,1.2351332893788938,-0.9803848049200683,0.1385352343364306,-0.163193477686683,0.33484302268487803,-1.7797942830660827,0.2980696737874705,0.8097613069362919,1.0719798805625336,0.37237968356351003,-0.5642914857070297,0.25735654022461624,-1.0476504596498981,-0.5166811958929537,2.113994440366654,0.8593539394340215,0.3372827648173245,-0.32440241290443,-0.24349504176435957,0.3255902376934875,0.999748515519173,-0.12052713536894358,0.9132543867334757,1.1409068963858244,-0.6013688933129444,-0.06282452085856771,1.596289332710273,-0.30423883907645505,0.6225474634263649,-0.23623991599552682,1.2093642517316425,-3.124343176397776,-1.0116195252713769,-1.496057567346628,-0.37119292604171583,0.6508948660862075,0.5761264383099487,1
0.35347188704570964,1.4424715389233187,1.0033584051246056,1.1528370284918164,1.4141763981794333,-0.41193853003311337,-1.7894607421363906,-1.166988823501275,2.494128252221104,0.5432546309479038,-1.098475285464222,-0.272774564054143,0.6401038566045916,-0.4650670746631079,-0.5364954424848632,0.2188856097823577,1.6069827302433848,1.3772820665446919,-0.4068125687897484,0.9781168872194034,0.8563348045034115,-0.5968507105516935,1.3307340010600983,0.1416045717339464,-0.8249577964710323,-0.018669940751355852,0.22100126708427467,0.6437165309412352,1.1113731081635747,1.8250584429859313,-1.0139865773765009,0.769988432246065,0.692238841469893,0.017304749377606364,-0.5939855758151766,0.9303829873583201,-0.205634217983801,0.6994109140815815,0.5398017358974211,-0.592805451744021,2.5801018597969736,-0.26053885232043333,1.068477720255737,1.4907750150264971,-1.2008866653972956,-0.27927017130932297,-0.3936584081439051,-0.43592240933407955,-0.8014931221012177,0.6194259279689037,0.4955891652980012,-1.0902368681258907,0.585523797680119,-0.3068931120123403,1.5143864189597933,1.232754928001288,0.6615723940314064,-0.3607705301182135,-0.35974898694373386,0.5338921351091289,-0.4980996654048106,0.024392167053733604,0.7538935681785944,1.6854694975395974,0.3599586697610972,0.7167686169901827,-1.1301734805455659,0.8879567089692424,1.6355022277160658,-0.5686186168323718,1.7108121755481358,0.3165789698785557,0.7008312565492475,0.7215749155895943,-0.5387299384367039,0.3852372597933432,0.03592724963390278,0.20788638810143403,0.13083943032976894,1.2377410805839408,1
1.7364248019833757,1.155848754257999,0.4808646525104211,0.1317923579202649,1.2717939128689777,-2.5044968119659754,-0.7176150115201583,-1.251937143683557,0.9824966158496138,-1.2473412763152323,-0.4143767360770235,0.3789580503414463,0.1603022438270489,0.3641288628180061,0.21733661130940302,1.604695897199327,-1.212810748976109,-0.6944370046635661,1.2883854897380853,1.1086488519008342,1.0530720780831588,1.521064402745119,3.2072323880395515,-1.7363758206148494,-0.06828859785613184,-0.583205702309231,-0.10336537654812944,0.7098546292753661,-0.20756777985262578,-0.9183648422582947,-1.6403579088649183,0.5918241893272397,0.3783721670046321,-0.023021651572165798,-0.15461130035617418,0.4694780864309563,0.9496740986128847,-0.9648244839739386,-0.9328343017092356,0.6114499213676274,-0.6074822320404445,-1.3632332546863546,-1.1859506037148422,0.4082883103259742,1.1206896437140978,0.318160031149661,-1.0040792414220596,-1.0680874072184185,0.7518264565093603,0.12299333250584477,0.030107731458500937,-0.09723235245966948,-0.10212877149861702,0.6962779954007843,0.43446523994206765,1.8937258091486164,-0.10064087286487516,-2.161089737855911,-0.8995180768165076,-0.11389422070087783,-0.6598136199659556,0.44809671810888013,-0.9075172920645833,-0.5233278970209364,-0.6829269284732483,0.6242606020278174,1.0414355820035774,-0.6081558132137128,0.14192940679095756,1.316372476835631,-0.28495769836378687,-0.6331164681742131,1.645479504282781,-1.3741629303838976,-1.7794221708189257,0.1190078109778296,1.773405499813713,-0.5906094828182384,0.8182093984464492,-0.60811351090177,1
-0.3833677335823541,0.08676986110514624,-0.788396575398437,1.344006447467862,0.13479354365219182,-0.07702299578410898,1.3047095045526111,-0.35046507754214623,-0.21691376662742093,-0.8288680022143442,-0.8048964894298792,-0.804029016085441,0.6956480755229695,2.03644740653192,-0.38992885465821936,-0.6863644940121346,-1.9335211040154703,-1.4451733858370428,0.6920113191111905,-0.45640300547613954,-0.7997211219949507,0.09636360831140724,-1.9837512301703228,0.9581586198833761,-0.9675346698375121,0.39755386146376354,0.5319976712439171,-0.1723565523111029,0.34964365113944673,0.9182534564526181,-0.5458809877061251,1.1766169917417966,-1.0485843011005338,0.5789622525591807,-1.231627766262927,0.8258571240062599,1.8000501500246389,-0.9895538518135614,-1.1835727667562947,-0.31570809866656047,0.14846872737700367,-0.6307567866036335,0.4065510076615844,-0.1549941403977501,0.4439767915714448,-0.1821845774376249,-0.8247307432389713,-0.4612621017511006,0.20908929568180545,-0.047726688101005395,0.7950518520579828,-0.39608133722684413,0.4554615550577361,-1.4911905272377233,1.769047962733346,0.45472141620223105,0.31975463016644695,-1.0678675546089544,-0.07935994312235553,-0.7228950427037903,-0.7011185998143217,-0.59453063692758,-0.06652866007121515,-0.0033455594408646964,0.4454819358369205,0.4419561178534299,-0.5212203131390918,-1.853140807742409,0.11613997438625001,0.8556814768965368,-0.19661860557656782,0.6000781978516826,0.660803378473105,-0.8212928519450103,-0.9417852366290599,-0.2746766195228776,-0.9904618044484913,-2.508028345534589,2.2533098625987966,0.5351369722878705,0
0.6748549884439254,-0.012523937155160291,-0.06433730709908028,1.0531193211152379,0.19936440322384594,1.6938710336114593,-0.7374065143602534,-1.9563114364508063,0.4417128680101326,0.12135607412240997,0.6941835637559951,-0.8336350076006271,-0.4765876092876646,0.3792035556123239,0.5103475881552877,0.35105215026891556,0.8796637417401957,1.6361708692620391,1.653323214610853,0.5697415834785879,-0.24406946660405562,0.11097643176575343,-0.6566694775174247,-0.24160779586261136,1.8553876968973546,1.7785452665706818,1.0437110905685174,0.883959416476532,1.0359502550147563,-1.202368029189265,1.1879510754318536,-1.4407202036348314,-1.2424297843711547,0.12410441157084524,-0.30638784405474573,-0.1298298215106759,0.4492794834057483,-1.0121696232744355,0.40933060365269136,-0.8074874317388611,-0.9066855771852804,-1.8353627994239536,-1.194430103012322,-0.30845617788121144,0.13598178188986476,-0.8999194896679091,1.642512782678284,-0.8706202908185343,-0.47154147728678353,-0.33133458747929995,0.6500708446084567,1.810933972834871,-0.8224296030358491,-1.4492704481687781,1.0382332886319607,-0.5192192404448739,1.2937398081064952,-0.5679733650293609,0.7232957060344328,-0.11929841045573507,1.1926545650472364,-0.35830132913563656,-1.2603360568560305,-0.8105998186413466,-1.1785603265501265,0.025464186486374354,-1.0625079521035314,0.23654688672095497,0.6637827309478258,-0.07759054862655147,1.4923789636898932,0.32597630946048406,-0.40761279095887115,0.8980243113345687,1.2202958987207715,0.8536983649624224,-0.062384296024056124,-0.15274295754174438,0.2439948034401253,-1.157743875832672,0
1.3322015234670235,1.5795249463800276,0.4457302694189724,-1.172106775947463,0.3567331909146701,1.2482869055039243,-2.4894638918314826,-1.5142507516346528,-0.41252234628898365,-1.4223482456406382,-1.0555870400974041,1.5201535767591197,-1.0340247131665783,1.8578807409275917,-0.8131485262184661,-0.48851162312364216,0.9070544168318921,-2.6586634133253284,0.16202065300965518,0.9021589117246542,0.3519479720351032,1.9675153572720754,0.7832177352647471,2.188768721471214,-0.15710706306937333,-1.5809255130530118,-0.38411029671483726,0.8001223989965157,0.8487831026756795,0.8831209381475738,0.3015368238203485,-0.3584277376469362,-0.4843827587228209,-0.45590353885084733,-1.0446022426536392,0.5481671260654585,0.288513326641989,-0.2662782769376884,-1.9130228907121591,2.049740224752733,2.1787346679376163,2.2584624282647594,-0.723879605283182,0.3355486395489395,-1.2658378449771428,-0.6362785416020345,0.71346838148155,-1.7411530690368553,0.8622148213766365,1.974631338024461,-0.048548801871316265,-0.13072952772475915,-0.14452568969251775,-2.164744544874648,-0.7499711427467837,-0.3849640291052583,-2.0994189751295624,1.656506104931948,0.5821971345494585,0.8682187506151017,-0.30332968178112163,0.07946766019212714,-0.15002395797378287,-0.2581503830665167,0.6996417453320825,0.44346526661206365,-0.5226432216471003,-0.7059699791732219,-1.1096274521059926,-1.167674030609653,1.0547271523303174,1.1795168765500093,-0.3167588147998296,0.6311895205850067,-0.3894644339175303,-1.875588021885779,0.2115278386012621,-0.2198360543347983,-0.35730098855027903,-0.09866659695642603,1
1.8000322970321516,0.11032534626609514,1.722430726417819,0.39229761812474784,1.4704078212123746,-0.0011222074356674883,-1.5237290934893464,-1.9638594835204903,0.001269603733529715,-0.5321358605283909,0.24482374205307847,1.2602164361631623,-0.16914659073178226,-0.15233712996810536,-0.9233629399912067,0.8985838452632291,-2.5441645831454025,-0.838251146104793,-0.1727516043180538,0.4407488822874064,-0.7723364625986858,-0.4102284706679035,1.137284427715196,0.02760372264766339,2.015568704746088,0.893093133185278,-0.5425438792271006,1.0594949322892424,-0.9191724190110464,1.5575111438243538,0.42997408999432285,-0.15946395890598145,-0.3711628262250712,2.5895979307068315,0.9680084695117132,-0.23396200315305585,0.6261991020603755,0.9499638462462072,-0.5146587624028722,0.30531319791503364,0.5850537156851641,0.3556384401323388,-1.2124377376760893,-1.3671992246768003,-0.042178214510283446,-1.5214963170676004,0.023551224891233076,0.9923837487215675,1.1151804042469158,0.06998418437112104,-0.61605373613811,-0.4629018051932295,1.1063364868543297,-0.6083046530330837,1.3383179924831514,1.8075180366392818,1.063969853171558,0.17309031419939816,-0.48192661287199395,0.6779266261597601,-0.04913853240489611,-0.526044742950445,0.04968097908154804,-1.81790511645968,0.6108091298760266,1.1606871991180747,-2.3682014928846273,-1.6689089119984115,-0.3961018836852278,1.631837946877196,-0.1665274612652587,0.38542345767902114,-2.5538758782546958,-1.188296926575653,-0.18777421346863507,-1.6037254377148076,-0.844518359081201,-1.3078793572510075,0.8383177388935796,1.4158633995405503,1
0.9913448138868999,0.2033477502288403,-0.4170349360076471,-0.6243167540294762,-1.023666718709329,0.9206117812981306,0.42908096296066117,-0.26446445249180844,2.0244840670646425,-1.1949349514861227,1.2795736645916596,-0.588318083732368,-2.156065843921446,-1.3189136400197345,-1.6919287602772535,-0.2239681959922812,0.9115830042630484,-0.24886179873451783,-0.2604070893244317,0.26319569653465213,0.5918296364420043,-1.3732761129801023,-1.7234740774290676,0.7800786655325854,1.6862759501663034,-0.788150580121597,1.1990691764802859,-1.093301433057441,0.6979073524394028,-0.20461522437399526,-0.40306214296631865,-1.7011966064917095,0.3097472505385251,0.5100874671660082,-0.08956965909552414,-0.19294379925896413,-1.0816482306622572,1.126582684934452,-1.474516012154831,0.5087776945923572,-1.6105292895426355,0.26017757771498523,-1.4419693176896031,1.2409707424929832,1.3890833981493214,-0.03315769486233643,1.633864414205068,0.27103614867318215,-1.399698273008427,-0.7802011212141081,0.18908071142454766,0.19897960212260296,-0.12516552454460195,0.8924748246636581,1.3773767425304217,0.23470707424848888,-1.184551729233686,-0.004774761170175347,0.5430568488052642,0.18085444325570665,-1.6001883269844397,-0.5724491549195467,-0.2745782913060692,0.8379891926034544,-0.3399803942011017,-0.9752121962494259,-0.4081120016018876,0.047146429601397,0.6181432642025235,0.529300636590403,-0.541533050015616,-0.8942829628583543,-0.060242898292041464,0.8914912967893853,0.5226561609182088,0.7358189852141539,0.5834462143144887,1.236553600865129,-0.70663046538483,2.4220415108052813,0
0.8277814964224242,1.4733036769120558,0.9448562742044906,0.5199966490735048,-0.21722609171921348,-0.38931635212171223,0.21723307963172023,-1.0909616786617755,0.4927376400566491,0.2587614568185935,0.1658167498331794,-0.0685376340277509,-0.22054915263136726,1.8538767024208334,-0.42790953242210517,0.260820640511458,0.8355119936905374,-0.1392198851021425,-0.24917456126686516,0.5997604554778069,0.05329211490917016,1.2816813672070002,0.7055851680978719,1.2331488769409766,1.7895764377387635,0.6726647791566103,-0.8291561673745038,1.8269886834305207,0.3475426096936021,1.4968700330680957,-1.5663790003786562,-0.33411001105285115,1.1561353920514867,0.43708712604571154,0.733010357692038,-1.7290096238168273,1.5230241865210201,-1.3025810491200067,0.3878995887134402,-1.2285978933305934,-1.14254480296455,0.044403009022448696,-1.685835941053572,1.96498290115048,-1.093445708101039,-1.7418779570330807,0.11679389869636506,0.4087483715765577,0.5432097322755757,-0.12852435673508023,0.47861077511165045,-0.28514989456046386,-0.6082114575380972,0.5271195994786445,-0.6787248145893047,0.7576710463304902,-2.225418737506734,-0.5219860102617596,-0.08911244458319167,-0.6141664458643271,0.059662365575534115,-0.561393055964764,-0.611345475830692,-0.858739546809124,-0.906167220864588,0.49902745247441976,0.2846895572368791,1.6824235889466206,-0.6366959249613519,1.024707406831911,-0.3203268232013935,-0.5351162078244863,2.1889265547032166,0.6585626574294329,-0.11396190364655338,-2.35317936422073,0.9125344747941182,-0.3245375662401542,1.1545106947543162,-1.1748597205472897,1
0.10032461196443686,-0.44049194891003474,0.9973995143248687,-1.3692303088016358,0.47720003509187797,-1.6256044657985982,1.0434084963055208,1.0579162665559068,1.2464514221588634,-1.7051824221408574,-1.1427267878832288,-0.8018916196169036,-0.7311083757419111,-1.4433502512019967,2.3348045066294083,0.25394357641140697,-0.8025517189150653,-1.3605700750479306,2.3051009961860673,2.1719784875356694,-0.2106517246140142,0.21723682060688493,0.2720729492665283,-0.43365288836475513,-0.800900860390177,0.5679670796223133,-0.7757393677279923,0.8250879188109448,-0.3925683764147308,1.1288161382891113,0.8252341395433416,-1.8121451996242341,0.5375922403868005,-2.095361004981058,0.017856945178704797,-0.22192254455747587,-0.6017807981773142,1.0746240014278015,-0.4522989856940523,0.5194440647269322,-1.2286845061192195,-2.042305132325717,-0.9719779074651267,0.7076378867571259,1.5520771920691345,0.689878996874886,0.291035737775698,1.0538079320568667,-1.4966055733599315,-1.868988374880335,-1.3999309355509577,-0.7795404404639242,1.7938839885013096,1.8154522889231055,1.8873658209348025,0.9283435962102707,1.2900570103135114,-0.40171729907978215,0.3668481018629727,-0.5832867069208094,-2.4880762040193876,-1.2017658039982941,0.3714060065206193,0.8682304784043476,0.20582020885338326,-1.145456380609018,-0.844445514274143,0.7276839335385759,0.22525387458576188,-0.4076651667702132,0.8057432769264797,-1.441392829895853,-0.6049492529441677,1.5577484544339366,1.2607701412783778,0.9181840389697006,-1.3882432638190867,-0.3405412717119312,0.36890921952689554,-0.7317354165330509,0
2.6868790892325007,1.1051053781472173,-0.7799213780751231,0.5755873105890925,0.05507798557125354,-1.1447140218252085,-0.7422787988891221,0.3365449728124783,-1.1445898189389798,-0.001985545729539485,0.9325275067883821,-0.5558982992980611,-0.14906118285079997,1.1092185107815415,1.219025785346326,-1.2097792402297132,0.9445699822347424,-0.9913270535790769,-0.48707237204568743,-1.772268671393448,1.1390179263595572,-0.265772274011014,0.9845430159141609,-0.7899738020323283,-0.8148210752579845,-0.35575070683156546,-1.046905245515908,-1.0681088296423242,0.4361270524327892,-1.132578626528927,-0.3819830111522886,-0.9943424401181925,0.14884912265060266,1.2317137950818886,-0.26421903603282704,-0.13189994977750324,-0.7373647960986297,0.16186582262755686,-1.1712264638528815,0.20365590944624096,0.13054926569682557,-0.8922122795561136,-1.0245185340419167,-0.3079741646097935,0.15511672570851012,1.46456950271847,0.23729141757660469,-1.528706453089179,0.8439309755278822,1.1214273391715994,-0.5472535807431874,-0.3813874720403285,1.2511097997070426,0.12000113511882848,-0.6948286068144313,1.1859546812351753,-0.6125823424296273,0.8059796934989055,0.2191892356315869,-0.92604343817689,-2.2549576434661236,-1.9587078385496373,0.7429638376507417,-0.3604091048179241,-0.8817513762262106,0.24442255072831942,0.6119503743748449,-0.5167158050629176,-1.674706926000235,0.5408610815370822,0.18159765640040748,-1.130430012972804,0.7543678120972713,-0.7678218680212778,0.6005212073257484,0.9281925453719139,1.2044096082559936,-1.1564313853868977,0.1213771473036689,1.0127168883352446,1
1.8197101885266425,0.4250226495900812,0.3872527780602161,0.858658038008896,-1.0270554132030782,-0.941729950465692,-0.943541073176953,-0.5102457138071452,-0.21796143707992452,-0.20946136916713506,-0.08306039218532618,0.642302384627881,1.0023996596757565,-1.042384860471914,0.7138581011113656,1.4652195235329948,-0.12714344944762176,-1.062821256988999,1.0528771027581936,-0.3960489744517146,2.2904753257325527,-1.5402154816568556,0.9778738022568942,-0.34940175472918306,-0.24284630127852302,-0.3002941409996689,0.1875605695572895,-0.9682858489566454,-0.9647589910847365,0.4118463799767532,-1.006238364930069,0.6707500611913605,0.6128958231771673,0.42168084752388146,-0.5477147439156425,-0.45960592387961513,2.1174404484038805,0.33773886365182954,0.09010383656533495,0.6317986085058017,0.5811385776810336,-0.8981287606931879,1.1568969943093121,0.9919340686233459,-0.4421520410850605,-1.8271429713404992,-1.4466320559373227,-0.4347041228717712,-1.4566208875110946,-0.2871667262329288,-1.9603857371324958,-1.4608601554786544,-2.8042447520676363,-0.06339165836247604,-1.3512175317106054,-0.5832349084311135,0.3461407912958148,0.5912301842562547,-0.06383642597087562,1.3877043351915386,-0.055201711058528946,-0.750831175330254,-0.2817339968572648,-0.6781587984521787,-1.6053757687613024,1.3732375953473812,1.313804072788271,0.3169656245870751,-1.1876237123393898,-0.05830487155333054,-0.732148618360609,0.35659529656214134,-0.24703026704242007,0.9110113456715246,1.21326195874561,-0.47356091891523794,-0.46450437443331116,0.7501569592909811,2.3109501863803623,-3.315659980922379,1
0.2413645836352462,-0.5695397208567159,0.23937571062100527,-0.6893298169184686,-0.6428412882823819,-1.723789802227151,0.7819921803940503,0.7512298636228508,0.12455582098434878,0.38079316379778355,-0.8437708091384021,-0.3913132668962237,0.5210049248137643,0.8527541696190497,2.010135144220528,1.8730518683655586,-0.34214178893217545,-1.371031474200707,0.10248258950812442,0.2412723226505175,-0.21109699275616584,-1.3984458257771502,-0.46510101277110844,-0.2373760659886648,-1.8985547694106937,-0.1346085166664638,0.6479278806452579,-1.2612631209823153,-1.011595396940867,0.031455737391662665,-1.8218207125294423,0.6824453125808767,0.26261434308429016,1.0702405067297585,2.165666342202317,0.0020353202775756475,-0.697853009555676,-0.10458648980113192,-1.1784984156075313,-0.44183207520610085,-0.6360789384293881,0.5397802167169445,-0.4725635682854412,-0.20433852216682952,-1.0382333640641253,-0.8662008030516687,-0.29719010006678687,0.5830613922061932,-1.1702384711953806,0.700618094800273,-0.8787802712395294,0.4945163745709401,-0.0866992225744304,-1.3181198697967766,0.9495995528141523,-0.6222576197430311,0.7202541432630043,0.29887470385688947,0.4880592727443798,2.639600839084195,-0.9502889801980637,-0.23626278977940027,-1.034695525889913,-2.1480643344369,-0.032836986980460614,0.5339497655710527,-0.011272691105060014,-0.5707799331310547,-0.07400750729228157,0.04213026664996819,0.949141270018007,1.3504846289516128,-1.467238496842055,-1.6689948048397356,-0.2589528708783639,2.4854700613662297,-0.47384633283715,-0.3469079524082366,1.1061995918684044,0.9415185558046231,0
-0.8488414091679177,0.7436208176730953,1.280465937642898,0.4156427405116957,1.2332412598463183,0.5493546706962585,0.9339910339107395,-0.9029060330602445,0.9879503425228329,1.9120570002530675,1.9874970363821305,0.5977790891650403,-0.04124301160986399,1.4514984512243019,-0.23695286395364237,-1.4138737771745145,-1.6739726864682989,-1.1335124018761649,-0.4068423303621473,-1.392901385591457,-0.1669257442295325,1.7167592472549775,-0.5034283215395658,-0.8488421080248679,-0.11508987553004017,0.24587016192464559,0.4478115017704316,-0.5314558212360959,-0.48445326230348196,1.2637363985793217,0.7364982667394461,0.21615113437221625,-1.0459731017585874,0.5753598865349517,0.23316618857446209,-0.45109487114951563,-0.41903350451966215,-0.564073483324172,0.28800690466038537,-0.3791749270661275,-1.0005902256661778,-0.2888864281617659,0.9349669259835474,0.06176687687410811,0.6805000136457824,-1.3349257126372398,0.01252291042891086,0.25586155438982516,-0.3953746567701573,0.4843917289581912,-1.1109311525765229,0.18496480121381542,0.9538849241778448,0.7241006884357155,0.6887799031265242,-0.23167650299473508,-1.9471292235676738,0.19004166153983576,1.1433417204945018,-0.04969552235764408,-0.9649963542433873,-0.933848662886368,1.9844398446327145,-0.20491389382428152,-0.9785367149239063,-0.639243378707426,0.4866633064033841,0.8068329537206044,-0.8785385365527144,2.4907498735923217,-2.3687146305082267,0.795350971284677,0.2386131843312624,-0.4968150645680649,0.027756874704726327,-0.13522811201790996,-0.6361006724558345,0.8112127330556718,-0.6958229042248701,0.049152083850625375,0
0.4798633665446251,-1.083997419919838,1.9643900505709997,-1.554772572402149,0.07851812462659051,-0.726162390629281,-0.4925531653005852,-0.152510854617109,0.6231347405749463,1.737158313140484,-0.9348501159962557,0.2738912650056915,0.7095420096563424,1.0548922190812893,-0.6652800876647333,-0.2410373158506324,-1.4476588630399216,-0.6430391836372202,-1.2474486907917852,2.4154302654538293,1.5020868511335521,0.668022164968744,-1.0765755193111302,-0.015709685694198446,-0.5922233544098411,-0.7823845195828812,-0.17777325899069524,0.13946578621855804,0.5987257317251995,0.9933226889834776,0.6205204251019214,-0.056432505120723224,0.8798975145352937,-2.014866832089572,-0.8107586287338161,1.4008010974817262,2.4863767402742782,0.6386217342063285,-1.1007701089203648,0.8613402586240049,0.8926166106828938,0.29066228868975863,0.44991156735918447,-0.4362620257550724,0.24717823751330945,0.5802617235601527,0.6601150341214096,-1.225001599283242,-1.060022564717478,-0.27676348230238706,-0.9182441749771185,1.000319578553304,-0.8735595824046194,-1.434757244729847,-0.4522548699629153,0.9547272717164653,0.7863945742478405,-0.1570986337959054,0.520893502305221,0.9934962252653808,-1.1751256506660093,0.2029128121971819,-0.5336505566326895,0.6478415320394266,0.13235123175236566,1.2869071418284126,1.3152074233774598,0.6420654965190188,-0.708998700004929,0.34277030500037775,-1.337597252062692,-0.29606986461583557,-0.0037789295044343067,0.33123725450675706,0.13815177704190887,0.5480674704827677,-0.032651447593389796,0.9945030574734064,-0.6210409022405987,-0.30476769630674155,0
0.7549551787660078,-0.9754918387042193,0.7769381772904067,0.47933044555985244,0.7590826617340136,-1.2757239655637005,-1.422232316389769,-0.032288959297166575,-1.1380116326786411,-0.8752785865938791,0.5435277087295719,-2.386886849761658,0.1642414994130075,-0.11132069891904697,0.2764698585737111,1.0941122430517591,0.43702770884158726,-1.8247444637387658,-1.850349218361204,0.2877177130570952,-0.18423487529700944,-0.7103414238609683,-1.9832011780421428,0.21488310510196457,0.7275718857109079,-0.1813659707826307,-0.3247289676446088,-0.30702346300295846,0.953971959552792,0.8662910318032958,-0.0006121244826264829,-0.6577520254724575,-0.15427468832123492,1.3296654372951888,-1.0301820226116838,-1.9368071968337994,-0.01403885064741456,0.4586741551883089,-0.7088461533671,-0.2601982852286396,-0.42807848883313193,-0.3476883078903517,-1.4319516186435073,1.6998502998105902,-0.4318568467468081,-1.5472357504602308,0.9985746985981411,0.03733023874791568,-0.184250681711119,1.6115436100481646,1.0413834988953234,0.31311302179840805,0.06250440207886533,1.1450843610696844,-1.1372197096836505,-0.26750180322385925,1.1842552582826815,-0.047790901454124374,0.6274284662192359,0.5406541481932792,-0.7783841904706258,1.1219175553035123,0.8377174783178329,-1.4534760417108141,-0.9080627142215131,0.14846548573263002,0.1162280756925019,-0.2194532395707609,-0.9389564342298506,0.15595643867720171,0.44321911575625456,-0.202322855224252,-0.8448405955682717,-0.7566379701080652,0.3461662531512359,0.5734967217277728,-0.8864077993307207,0.20278041281008008,1.4879592709585208,-0.8235839844286834,1
0.16337437968094218,1.2457528086069016,0.49199721807319197,2.538805154055759,-0.9094454200294896,0.42987865628082267,-0.15661932565290695,-0.8896535361819636,-0.7610313352528346,0.07942973490231574,1.1613093190648636,-0.15029497103045322,0.584235840138944,-0.5981680823788974,-0.8912852852612504,0.7833422179155728,0.4244333486254324,-0.9213024442286768,0.6094412293505089,0.37569163310108955,-1.2669621111088574,-0.0744657464837305,-0.6559421207892514,-0.669118592036935,0.12093541620209383,0.949784393405535,-1.9750646350057808,0.022976895180871204,0.870173960919769,0.2500265288029791,-0.2856383991302827,-1.4053243484956424,0.585400736650524,0.8365824589148986,0.04695845991963575,-0.6975564799981676,-0.4384016526349604,2.022898411768337,0.4998732862112956,-0.6052936585634084,-0.6613881253476697,1.2241118557340753,-0.9079659121223386,0.25071207489894687,0.6420358068971775,0.5794028100414402,-0.27491931033367895,0.37216996742517855,-0.6483676751651575,0.1091971972204338,-0.19133734366170463,1.1871941817759806,-1.28342719203088,0.5896408239499381,1.2092988380739222,-0.3456921690926462,-2.0951462089481505,-0.3229174332913007,-1.9270766838404074,0.5334039883413507,0.9175491290813595,-1.2664510299260248,-0.1429807790732543,-0.4558004897609265,-0.37247063535262237,-0.11243307886529848,-1.4527014609665505,-0.33641797148625147,1.7193213682883475,-0.09377000006522002,-1.0713431540052671,0.25996209993310787,0.7947767055461291,0.07688389874750975,1.8906294559441765,1.349288664997134,-1.1023375818296364,0.8578979009514288,-0.21059652057116668,1.9639206707635506,0
-0.43178376151094994,1.0179343985199418,-0.27501441402958077,0.17833445906614367,-1.2907968975325426,0.5866739584972814,-1.658567766384302,0.8304886247077204,0.7110636035181921,0.4423108754611994,3.241732522002082,0.802884337416125,0.10141315849546736,0.8146005853150062,-1.1987201096219187,0.18300143134104332,-1.2121472219929195,0.2736316326417485,-0.5568747865746848,0.676247942287738,0.521028850541495,0.6819068329058778,-1.3531769697746352,0.30174288293533164,-0.9839027874645717,1.5303329397287502,-0.84151195405736,0.3540843690214742,0.15384546270296565,0.2901607795202431,-0.4450070538409206,-0.8276692945942027,0.08400411053711387,1.2242327839550478,-1.9841766499000706,-1.4665588967827843,0.7592535668883896,-0.21161920791288102,0.4717051105551334,1.1849641341973105,-0.9882381289499139,-2.3594025510745666,0.9718361703680198,1.3002011783356577,-1.0260627556813775,-2.296946007148707,0.1431462118106889,1.5271091512639101,-0.46228336156192695,0.2791696855537375,-0.10280643895707496,0.2334478687051798,0.4260700269077281,-0.5539155100615273,0.35787326043320344,-1.008113003416137,-0.6767539078711585,-0.7562618642292964,0.14636549647497502,-1.3010224117805205,0.16847669606642657,1.06407709967414,-1.2332043934184123,-0.8549592725598426,0.6786431025326983,-0.23578582670216788,1.4104330454231915,-0.366761643682199,-0.7425190299358615,0.09731257792839472,-0.47143762567517083,0.3506648896942844,1.3897925670768636,-2.128202097881133,0.03659951883933481,0.22379095926299844,-0.4047481991916102,0.6127167348263161,1.7369146610243702,1.1798787031608238,0
